Index,Date and Time,Speed (km/h),Distance traveled (km),Distance traveled (km),Status,Position,Latitude,Longitude
,2017-07-04 08:59:07,0,0,0,"ACC开,3D定位,天线正常","湖南省长沙市雨花区G4(京港澳高速),距长沙市公共交通投资管理有限公司 约242米,距汇米巴忆安南食店 约259米",113.056545,28.168616
,2017-07-04 09:00:07,0,0,0,"ACC开,3D定位,天线正常","湖南省长沙市雨花区G4(京港澳高速),距长沙市公共交通投资管理有限公司 约242米,距汇米巴忆安南食店 约259米",113.056545,28.168617
,2017-07-04 09:01:07,0,0,0,"ACC开,3D定位,天线正常","湖南省长沙市雨花区G4(京港澳高速),距长沙市公共交通投资管理有限公司 约243米,距汇米巴忆安南食店 约259米",113.056549,28.168618
,2017-07-04 09:02:07,0,0,0,"ACC开,3D定位,天线正常","湖南省长沙市雨花区G4(京港澳高速),距长沙市公共交通投资管理有限公司 约243米,距汇米巴忆安南食店 约259米",113.056551,28.168618
,2017-07-04 09:03:07,0,0,0,"ACC开,3D定位,天线正常","湖南省长沙市雨花区G4(京港澳高速),距长沙市公共交通投资管理有限公司 约243米,距汇米巴忆安南食店 约259米",113.05655,28.168618
,2017-07-04 09:04:07,0,0,0,"ACC开,3D定位,天线正常","湖南省长沙市雨花区G4(京港澳高速),距长沙市公共交通投资管理有限公司 约243米,距汇米巴忆安南食店 约259米",113.056551,28.168617
,2017-07-04 09:05:07,0,0,0,"ACC开,3D定位,天线正常","湖南省长沙市雨花区G4(京港澳高速),距长沙市公共交通投资管理有限公司 约243米,距汇米巴忆安南食店 约259米",113.056552,28.168617
,2017-07-04 09:06:07,0,0,0,"ACC开,3D定位,天线正常","湖南省长沙市雨花区G4(京港澳高速),距长沙市公共交通投资管理有限公司 约243米,距汇米巴忆安南食店 约259米",113.056554,28.168616
,2017-07-04 09:07:07,0,0,0,"ACC开,3D定位,天线正常","湖南省长沙市雨花区G4(京港澳高速),距长沙市公共交通投资管理有限公司 约243米,距汇米巴忆安南食店 约260米",113.056557,28.168614
,2017-07-04 09:08:07,0,0,0,"ACC开,3D定位,天线正常","湖南省长沙市雨花区G4(京港澳高速),距长沙市公共交通投资管理有限公司 约243米,距汇米巴忆安南食店 约260米",113.056558,28.168614
,2017-07-04 09:09:07,0,0,0,"ACC开,3D定位,天线正常","湖南省长沙市雨花区G4(京港澳高速),距长沙市公共交通投资管理有限公司 约243米,距汇米巴忆安南食店 约260米",113.05656,28.168612
,2017-07-04 09:10:07,0,0,0,"ACC开,3D定位,天线正常","湖南省长沙市雨花区G4(京港澳高速),距长沙市公共交通投资管理有限公司 约244米,距汇米巴忆安南食店 约260米",113.056563,28.168614
,2017-07-04 09:11:07,0,0,0,"ACC开,3D定位,天线正常","湖南省长沙市雨花区G4(京港澳高速),距长沙市公共交通投资管理有限公司 约244米,距汇米巴忆安南食店 约260米",113.056564,28.168613
,2017-07-04 09:12:07,0,0,0,"ACC开,3D定位,天线正常","湖南省长沙市雨花区G4(京港澳高速),距长沙市公共交通投资管理有限公司 约244米,距汇米巴忆安南食店 约260米",113.056564,28.168616
,2017-07-04 09:13:07,0,0,0,"ACC开,3D定位,天线正常","湖南省长沙市雨花区G4(京港澳高速),距长沙市公共交通投资管理有限公司 约244米,距汇米巴忆安南食店 约261米",113.056574,28.168614
,2017-07-04 09:14:07,0,0,0,"ACC开,3D定位,天线正常","湖南省长沙市雨花区G4(京港澳高速),距长沙市公共交通投资管理有限公司 约245米,距汇米巴忆安南食店 约262米",113.056576,28.168614
,2017-07-04 09:15:07,0,0,0,"ACC开,3D定位,天线正常","湖南省长沙市雨花区G4(京港澳高速),距长沙市公共交通投资管理有限公司 约245米,距汇米巴忆安南食店 约262米",113.056576,28.168614
,2017-07-04 09:16:07,0,0,0,"ACC开,3D定位,天线正常","湖南省长沙市雨花区G4(京港澳高速),距长沙市公共交通投资管理有限公司 约245米,距汇米巴忆安南食店 约262米",113.056576,28.168614
,2017-07-04 09:17:07,0,0,0,"ACC开,3D定位,天线正常","湖南省长沙市雨花区G4(京港澳高速),距长沙市公共交通投资管理有限公司 约244米,距汇米巴忆安南食店 约262米",113.056575,28.168614
,2017-07-04 09:18:07,0,0,0,"ACC开,3D定位,天线正常","湖南省长沙市雨花区G4(京港澳高速),距长沙市公共交通投资管理有限公司 约244米,距汇米巴忆安南食店 约262米",113.056576,28.168612
,2017-07-04 09:19:07,0,0,0,"ACC开,3D定位,天线正常","湖南省长沙市雨花区G4(京港澳高速),距长沙市公共交通投资管理有限公司 约244米,距汇米巴忆安南食店 约262米",113.056576,28.168611
,2017-07-04 09:20:07,0,0,0,"ACC开,3D定位,天线正常","湖南省长沙市雨花区G4(京港澳高速),距长沙市公共交通投资管理有限公司 约244米,距汇米巴忆安南食店 约262米",113.056576,28.16861
,2017-07-04 09:21:07,0,0,0,"ACC开,3D定位,天线正常","湖南省长沙市雨花区G4(京港澳高速),距长沙市公共交通投资管理有限公司 约244米,距汇米巴忆安南食店 约262米",113.056576,28.168609
,2017-07-04 09:22:07,0,0,0,"ACC开,3D定位,天线正常","湖南省长沙市雨花区G4(京港澳高速),距长沙市公共交通投资管理有限公司 约244米,距汇米巴忆安南食店 约262米",113.056576,28.168608
,2017-07-04 09:23:07,0,0,0,"ACC开,3D定位,天线正常","湖南省长沙市雨花区G4(京港澳高速),距长沙市公共交通投资管理有限公司 约244米,距汇米巴忆安南食店 约262米",113.056579,28.168605
,2017-07-04 09:24:07,0,0,0,"ACC开,3D定位,天线正常","湖南省长沙市雨花区G4(京港澳高速),距长沙市公共交通投资管理有限公司 约244米,距汇米巴忆安南食店 约262米",113.056581,28.168604
,2017-07-04 09:25:07,0,0,0,"ACC开,3D定位,天线正常","湖南省长沙市雨花区G4(京港澳高速),距长沙市公共交通投资管理有限公司 约244米,距汇米巴忆安南食店 约262米",113.056581,28.168603
,2017-07-04 09:26:07,0,0,0,"ACC开,3D定位,天线正常","湖南省长沙市雨花区G4(京港澳高速),距长沙市公共交通投资管理有限公司 约244米,距汇米巴忆安南食店 约262米",113.056581,28.168602
,2017-07-04 09:27:07,0,0,0,"ACC开,3D定位,天线正常","湖南省长沙市雨花区G4(京港澳高速),距长沙市公共交通投资管理有限公司 约244米,距汇米巴忆安南食店 约262米",113.056581,28.168602
,2017-07-04 09:28:07,0,0,0,"ACC开,3D定位,天线正常","湖南省长沙市雨花区G4(京港澳高速),距长沙市公共交通投资管理有限公司 约243米,距汇米巴忆安南食店 约261米",113.056573,28.168597
,2017-07-04 09:29:07,0,0,0,"ACC开,3D定位,天线正常","湖南省长沙市雨花区G4(京港澳高速),距长沙市公共交通投资管理有限公司 约243米,距汇米巴忆安南食店 约261米",113.056573,28.168598
,2017-07-04 09:30:07,0,0,0,"ACC开,3D定位,天线正常","湖南省长沙市雨花区G4(京港澳高速),距长沙市公共交通投资管理有限公司 约243米,距汇米巴忆安南食店 约261米",113.056574,28.168599
,2017-07-04 09:31:07,0,0,0,"ACC开,3D定位,天线正常","湖南省长沙市雨花区G4(京港澳高速),距长沙市公共交通投资管理有限公司 约243米,距汇米巴忆安南食店 约261米",113.056574,28.168598
,2017-07-04 09:32:07,0,0,0,"ACC开,3D定位,天线正常","湖南省长沙市雨花区G4(京港澳高速),距长沙市公共交通投资管理有限公司 约243米,距汇米巴忆安南食店 约262米",113.056575,28.168599
,2017-07-04 09:33:07,0,0,0,"ACC开,3D定位,天线正常","湖南省长沙市雨花区G4(京港澳高速),距长沙市公共交通投资管理有限公司 约243米,距汇米巴忆安南食店 约262米",113.056575,28.168597
,2017-07-04 09:34:07,0,0,0,"ACC开,3D定位,天线正常","湖南省长沙市雨花区G4(京港澳高速),距长沙市公共交通投资管理有限公司 约243米,距汇米巴忆安南食店 约262米",113.056577,28.168597
,2017-07-04 09:35:07,0,0,0,"ACC开,3D定位,天线正常","湖南省长沙市雨花区G4(京港澳高速),距长沙市公共交通投资管理有限公司 约244米,距汇米巴忆安南食店 约262米",113.056578,28.1686
,2017-07-04 09:36:07,0,0,0,"ACC开,3D定位,天线正常","湖南省长沙市雨花区G4(京港澳高速),距长沙市公共交通投资管理有限公司 约244米,距汇米巴忆安南食店 约262米",113.056581,28.1686
,2017-07-04 09:37:07,0,0,0,"ACC开,3D定位,天线正常","湖南省长沙市雨花区G4(京港澳高速),距长沙市公共交通投资管理有限公司 约244米,距汇米巴忆安南食店 约262米",113.056582,28.1686
,2017-07-04 09:38:07,0,0,0,"ACC开,3D定位,天线正常","湖南省长沙市雨花区G4(京港澳高速),距长沙市公共交通投资管理有限公司 约244米,距汇米巴忆安南食店 约262米",113.056582,28.168602
,2017-07-04 09:39:07,0,0,0,"ACC开,3D定位,天线正常","湖南省长沙市雨花区G4(京港澳高速),距长沙市公共交通投资管理有限公司 约244米,距汇米巴忆安南食店 约263米",113.056585,28.168602
,2017-07-04 09:40:07,0,0,0,"ACC开,3D定位,天线正常","湖南省长沙市雨花区G4(京港澳高速),距长沙市公共交通投资管理有限公司 约244米,距汇米巴忆安南食店 约263米",113.056585,28.168598
,2017-07-04 09:41:07,0,0,0,"ACC开,3D定位,天线正常","湖南省长沙市雨花区G4(京港澳高速),距长沙市公共交通投资管理有限公司 约244米,距汇米巴忆安南食店 约263米",113.056585,28.168596
,2017-07-04 09:42:07,0,0,0,"ACC开,3D定位,天线正常","湖南省长沙市雨花区G4(京港澳高速),距长沙市公共交通投资管理有限公司 约244米,距汇米巴忆安南食店 约263米",113.056585,28.168594
,2017-07-04 09:43:07,0,0,0,"ACC开,3D定位,天线正常","湖南省长沙市雨花区G4(京港澳高速),距长沙市公共交通投资管理有限公司 约244米,距汇米巴忆安南食店 约263米",113.056585,28.168591
,2017-07-04 09:44:07,0,0,0,"ACC开,3D定位,天线正常","湖南省长沙市雨花区G4(京港澳高速),距长沙市公共交通投资管理有限公司 约243米,距汇米巴忆安南食店 约262米",113.056583,28.16859
,2017-07-04 09:45:07,0,0,0,"ACC开,3D定位,天线正常","湖南省长沙市雨花区G4(京港澳高速),距长沙市公共交通投资管理有限公司 约243米,距汇米巴忆安南食店 约262米",113.056583,28.16859
,2017-07-04 09:46:07,0,0,0,"ACC开,3D定位,天线正常","湖南省长沙市雨花区G4(京港澳高速),距长沙市公共交通投资管理有限公司 约243米,距汇米巴忆安南食店 约262米",113.056581,28.168589
,2017-07-04 09:47:07,0,0,0,"ACC开,3D定位,天线正常","湖南省长沙市雨花区G4(京港澳高速),距长沙市公共交通投资管理有限公司 约243米,距汇米巴忆安南食店 约262米",113.056582,28.168589
,2017-07-04 09:48:07,0,0,0,"ACC开,3D定位,天线正常","湖南省长沙市雨花区G4(京港澳高速),距长沙市公共交通投资管理有限公司 约243米,距汇米巴忆安南食店 约262米",113.056582,28.168589
,2017-07-04 09:49:07,0,0,0,"ACC开,3D定位,天线正常","湖南省长沙市雨花区G4(京港澳高速),距长沙市公共交通投资管理有限公司 约243米,距汇米巴忆安南食店 约262米",113.056582,28.168588
,2017-07-04 09:50:07,0,0,0,"ACC开,3D定位,天线正常","湖南省长沙市雨花区G4(京港澳高速),距长沙市公共交通投资管理有限公司 约243米,距汇米巴忆安南食店 约262米",113.056582,28.168588
,2017-07-04 09:51:07,0,0,0,"ACC开,3D定位,天线正常","湖南省长沙市雨花区G4(京港澳高速),距长沙市公共交通投资管理有限公司 约243米,距汇米巴忆安南食店 约262米",113.056581,28.168586
,2017-07-04 09:52:07,0,0,0,"ACC开,3D定位,天线正常","湖南省长沙市雨花区G4(京港澳高速),距长沙市公共交通投资管理有限公司 约243米,距汇米巴忆安南食店 约262米",113.056582,28.168587
,2017-07-04 09:53:07,0,0,0,"ACC开,3D定位,天线正常","湖南省长沙市雨花区G4(京港澳高速),距长沙市公共交通投资管理有限公司 约243米,距汇米巴忆安南食店 约262米",113.056583,28.168587
,2017-07-04 09:54:07,0,0,0,"ACC开,3D定位,天线正常","湖南省长沙市雨花区G4(京港澳高速),距长沙市公共交通投资管理有限公司 约243米,距汇米巴忆安南食店 约262米",113.056584,28.168587
,2017-07-04 09:55:07,0,0,0,"ACC开,3D定位,天线正常","湖南省长沙市雨花区G4(京港澳高速),距长沙市公共交通投资管理有限公司 约243米,距汇米巴忆安南食店 约263米",113.056585,28.168587
,2017-07-04 09:56:07,0,0,0,"ACC开,3D定位,天线正常","湖南省长沙市雨花区G4(京港澳高速),距长沙市公共交通投资管理有限公司 约243米,距汇米巴忆安南食店 约263米",113.056585,28.168588
,2017-07-04 09:57:07,0,0,0,"ACC开,3D定位,天线正常","湖南省长沙市雨花区G4(京港澳高速),距长沙市公共交通投资管理有限公司 约244米,距汇米巴忆安南食店 约263米",113.056585,28.16859
,2017-07-04 09:58:07,0,0,0,"ACC开,3D定位,天线正常","湖南省长沙市雨花区G4(京港澳高速),距长沙市公共交通投资管理有限公司 约244米,距汇米巴忆安南食店 约262米",113.056584,28.168591
,2017-07-04 09:59:07,0,0,0,"ACC开,3D定位,天线正常","湖南省长沙市雨花区G4(京港澳高速),距长沙市公共交通投资管理有限公司 约244米,距汇米巴忆安南食店 约262米",113.056584,28.168591
,2017-07-04 10:00:07,0,0,0,"ACC开,3D定位,天线正常","湖南省长沙市雨花区G4(京港澳高速),距长沙市公共交通投资管理有限公司 约244米,距汇米巴忆安南食店 约263米",113.056585,28.168594
,2017-07-04 10:01:07,0,0,0,"ACC开,3D定位,天线正常","湖南省长沙市雨花区G4(京港澳高速),距长沙市公共交通投资管理有限公司 约245米,距汇米巴忆安南食店 约264米",113.056595,28.168598
,2017-07-04 10:02:07,0,0,0,"ACC开,3D定位,天线正常","湖南省长沙市雨花区G4(京港澳高速),距长沙市公共交通投资管理有限公司 约245米,距汇米巴忆安南食店 约264米",113.056595,28.168599
,2017-07-04 10:03:07,0,0,0,"ACC开,3D定位,天线正常","湖南省长沙市雨花区G4(京港澳高速),距长沙市公共交通投资管理有限公司 约245米,距汇米巴忆安南食店 约264米",113.056596,28.168599
,2017-07-04 10:04:07,0,0,0,"ACC开,3D定位,天线正常","湖南省长沙市雨花区G4(京港澳高速),距长沙市公共交通投资管理有限公司 约245米,距汇米巴忆安南食店 约264米",113.056597,28.168597
,2017-07-04 10:05:07,0,0,0,"ACC开,3D定位,天线正常","湖南省长沙市雨花区G4(京港澳高速),距长沙市公共交通投资管理有限公司 约245米,距汇米巴忆安南食店 约264米",113.056598,28.168596
,2017-07-04 10:06:07,0,0,0,"ACC开,3D定位,天线正常","湖南省长沙市雨花区G4(京港澳高速),距长沙市公共交通投资管理有限公司 约245米,距汇米巴忆安南食店 约264米",113.056598,28.168596
,2017-07-04 10:07:07,0,0,0,"ACC开,3D定位,天线正常","湖南省长沙市雨花区G4(京港澳高速),距长沙市公共交通投资管理有限公司 约245米,距汇米巴忆安南食店 约264米",113.056599,28.168595
,2017-07-04 10:08:07,0,0,0,"ACC开,3D定位,天线正常","湖南省长沙市雨花区G4(京港澳高速),距长沙市公共交通投资管理有限公司 约245米,距汇米巴忆安南食店 约264米",113.056598,28.168596
,2017-07-04 10:09:07,0,0,0,"ACC开,3D定位,天线正常","湖南省长沙市雨花区G4(京港澳高速),距长沙市公共交通投资管理有限公司 约245米,距汇米巴忆安南食店 约264米",113.056597,28.168595
,2017-07-04 10:10:07,0,0,0,"ACC开,3D定位,天线正常","湖南省长沙市雨花区G4(京港澳高速),距长沙市公共交通投资管理有限公司 约244米,距汇米巴忆安南食店 约264米",113.056596,28.168591
,2017-07-04 10:11:07,0,0,0,"ACC开,3D定位,天线正常","湖南省长沙市雨花区G4(京港澳高速),距长沙市公共交通投资管理有限公司 约245米,距汇米巴忆安南食店 约264米",113.056599,28.168591
,2017-07-04 10:12:07,0,0,0,"ACC开,3D定位,天线正常","湖南省长沙市雨花区G4(京港澳高速),距长沙市公共交通投资管理有限公司 约245米,距汇米巴忆安南食店 约264米",113.0566,28.168593
,2017-07-04 10:13:07,0,0,0,"ACC开,3D定位,天线正常","湖南省长沙市雨花区G4(京港澳高速),距长沙市公共交通投资管理有限公司 约245米,距汇米巴忆安南食店 约264米",113.056597,28.168599
,2017-07-04 10:14:07,0,0,0,"ACC开,3D定位,天线正常","湖南省长沙市雨花区G4(京港澳高速),距长沙市公共交通投资管理有限公司 约245米,距汇米巴忆安南食店 约264米",113.056597,28.168597
,2017-07-04 10:15:07,0,0,0,"ACC开,3D定位,天线正常","湖南省长沙市雨花区G4(京港澳高速),距长沙市公共交通投资管理有限公司 约245米,距汇米巴忆安南食店 约264米",113.056598,28.168594
,2017-07-04 10:16:07,0,0,0,"ACC开,3D定位,天线正常","湖南省长沙市雨花区G4(京港澳高速),距长沙市公共交通投资管理有限公司 约245米,距汇米巴忆安南食店 约264米",113.056597,28.168594
,2017-07-04 10:17:07,0,0,0,"ACC开,3D定位,天线正常","湖南省长沙市雨花区G4(京港澳高速),距长沙市公共交通投资管理有限公司 约245米,距汇米巴忆安南食店 约264米",113.056597,28.168595
,2017-07-04 10:18:07,0,0,0,"ACC开,3D定位,天线正常","湖南省长沙市雨花区G4(京港澳高速),距长沙市公共交通投资管理有限公司 约245米,距汇米巴忆安南食店 约264米",113.056598,28.168594
,2017-07-04 10:19:07,0,0,0,"ACC开,3D定位,天线正常","湖南省长沙市雨花区G4(京港澳高速),距长沙市公共交通投资管理有限公司 约245米,距汇米巴忆安南食店 约264米",113.056596,28.168595
,2017-07-04 10:20:07,0,0,0,"ACC开,3D定位,天线正常","湖南省长沙市雨花区G4(京港澳高速),距长沙市公共交通投资管理有限公司 约245米,距汇米巴忆安南食店 约263米",113.056594,28.168598
,2017-07-04 10:21:07,0,0,0,"ACC开,3D定位,天线正常","湖南省长沙市雨花区G4(京港澳高速),距长沙市公共交通投资管理有限公司 约245米,距汇米巴忆安南食店 约263米",113.056593,28.168597
,2017-07-04 10:22:07,0,0,0,"ACC开,3D定位,天线正常","湖南省长沙市雨花区G4(京港澳高速),距长沙市公共交通投资管理有限公司 约245米,距汇米巴忆安南食店 约263米",113.056592,28.168597
,2017-07-04 10:23:07,0,0,0,"ACC开,3D定位,天线正常","湖南省长沙市雨花区G4(京港澳高速),距长沙市公共交通投资管理有限公司 约244米,距汇米巴忆安南食店 约263米",113.056592,28.168595
,2017-07-04 10:24:07,0,0,0,"ACC开,3D定位,天线正常","湖南省长沙市雨花区G4(京港澳高速),距长沙市公共交通投资管理有限公司 约244米,距汇米巴忆安南食店 约263米",113.056592,28.168595
,2017-07-04 10:25:07,0,0,0,"ACC开,3D定位,天线正常","湖南省长沙市雨花区G4(京港澳高速),距长沙市公共交通投资管理有限公司 约244米,距汇米巴忆安南食店 约263米",113.056592,28.168593
,2017-07-04 10:26:07,0,0,0,"ACC开,3D定位,天线正常","湖南省长沙市雨花区G4(京港澳高速),距长沙市公共交通投资管理有限公司 约244米,距汇米巴忆安南食店 约263米",113.056593,28.168593
,2017-07-04 10:27:07,0,0,0,"ACC开,3D定位,天线正常","湖南省长沙市雨花区G4(京港澳高速),距长沙市公共交通投资管理有限公司 约244米,距汇米巴忆安南食店 约263米",113.056592,28.168594
,2017-07-04 10:28:07,0,0,0,"ACC开,3D定位,天线正常","湖南省长沙市雨花区G4(京港澳高速),距长沙市公共交通投资管理有限公司 约243米,距汇米巴忆安南食店 约260米",113.056561,28.168608
,2017-07-04 10:29:07,0,0,0,"ACC开,3D定位,天线正常","湖南省长沙市雨花区G4(京港澳高速),距长沙市公共交通投资管理有限公司 约243米,距汇米巴忆安南食店 约261米",113.056571,28.168603
,2017-07-04 15:45:09,0,0,0,"ACC开,3D定位,天线正常","湖南省长沙市雨花区G4(京港澳高速),距长沙市公共交通投资管理有限公司 约296米,距汇米巴忆安南食店 约298米",113.056928,28.168958
,2017-07-04 15:46:09,0,0,0,"ACC开,3D定位,天线正常","湖南省长沙市雨花区G4(京港澳高速),距长沙市公共交通投资管理有限公司 约293米,距汇米巴忆安南食店 约297米",113.056929,28.168918
,2017-07-04 15:47:09,0,0,0,"ACC开,3D定位,天线正常","湖南省长沙市雨花区G4(京港澳高速),距长沙市公共交通投资管理有限公司 约290米,距汇米巴忆安南食店 约296米",113.05692,28.168889
,2017-07-04 15:48:09,0,0,0,"ACC开,3D定位,天线正常","湖南省长沙市雨花区G4(京港澳高速),距长沙市公共交通投资管理有限公司 约283米,距汇米巴忆安南食店 约293米",113.056894,28.168818
,2017-07-04 15:49:09,0,0,0,"ACC开,3D定位,天线正常","湖南省长沙市雨花区G4(京港澳高速),距长沙市公共交通投资管理有限公司 约282米,距汇米巴忆安南食店 约293米",113.056891,28.168808
,2017-07-04 15:50:09,0,0,0,"ACC开,3D定位,天线正常","湖南省长沙市雨花区G4(京港澳高速),距长沙市公共交通投资管理有限公司 约282米,距汇米巴忆安南食店 约293米",113.056889,28.168803
,2017-07-04 15:51:09,0,0,0,"ACC开,3D定位,天线正常","湖南省长沙市雨花区G4(京港澳高速),距长沙市公共交通投资管理有限公司 约281米,距汇米巴忆安南食店 约293米",113.056889,28.168798
,2017-07-04 15:52:09,0,0,0,"ACC开,3D定位,天线正常","湖南省长沙市雨花区G4(京港澳高速),距长沙市公共交通投资管理有限公司 约281米,距汇米巴忆安南食店 约292米",113.056886,28.168791
,2017-07-04 15:53:09,0,0,0,"ACC开,3D定位,天线正常","湖南省长沙市雨花区G4(京港澳高速),距长沙市公共交通投资管理有限公司 约280米,距汇米巴忆安南食店 约292米",113.056888,28.168786
,2017-07-04 15:54:09,0,0,0,"ACC开,3D定位,天线正常","湖南省长沙市雨花区G4(京港澳高速),距长沙市公共交通投资管理有限公司 约280米,距汇米巴忆安南食店 约292米",113.056887,28.168782
,2017-07-04 15:55:09,0,0,0,"ACC开,3D定位,天线正常","湖南省长沙市雨花区G4(京港澳高速),距长沙市公共交通投资管理有限公司 约279米,距汇米巴忆安南食店 约292米",113.056887,28.168763
,2017-07-04 15:56:09,0,0,0,"ACC开,3D定位,天线正常","湖南省长沙市雨花区G4(京港澳高速),距长沙市公共交通投资管理有限公司 约277米,距汇米巴忆安南食店 约290米",113.056869,28.16876
,2017-07-04 15:57:09,0,0,0,"ACC开,3D定位,天线正常","湖南省长沙市雨花区G4(京港澳高速),距长沙市公共交通投资管理有限公司 约277米,距汇米巴忆安南食店 约291米",113.056871,28.168759
,2017-07-04 15:58:09,0,0,0,"ACC开,3D定位,天线正常","湖南省长沙市雨花区G4(京港澳高速),距长沙市公共交通投资管理有限公司 约277米,距汇米巴忆安南食店 约291米",113.056871,28.168757
,2017-07-04 15:59:09,0,0,0,"ACC开,3D定位,天线正常","湖南省长沙市雨花区G4(京港澳高速),距长沙市公共交通投资管理有限公司 约277米,距汇米巴忆安南食店 约291米",113.05687,28.168756
,2017-07-04 16:00:09,0,0,0,"ACC开,3D定位,天线正常","湖南省长沙市雨花区G4(京港澳高速),距长沙市公共交通投资管理有限公司 约277米,距汇米巴忆安南食店 约291米",113.05687,28.168753
,2017-07-04 16:01:09,0,0,0,"ACC开,3D定位,天线正常","湖南省长沙市雨花区G4(京港澳高速),距长沙市公共交通投资管理有限公司 约277米,距汇米巴忆安南食店 约291米",113.05687,28.168751
,2017-07-04 16:02:09,0,0,0,"ACC开,3D定位,天线正常","湖南省长沙市雨花区G4(京港澳高速),距长沙市公共交通投资管理有限公司 约276米,距汇米巴忆安南食店 约290米",113.056868,28.168748
,2017-07-04 16:03:09,0,0,0,"ACC开,3D定位,天线正常","湖南省长沙市雨花区G4(京港澳高速),距长沙市公共交通投资管理有限公司 约276米,距汇米巴忆安南食店 约290米",113.056867,28.168746
,2017-07-04 16:04:09,0,0,0,"ACC开,3D定位,天线正常","湖南省长沙市雨花区G4(京港澳高速),距长沙市公共交通投资管理有限公司 约276米,距汇米巴忆安南食店 约290米",113.056865,28.168744
,2017-07-04 16:05:09,0,0,0,"ACC开,3D定位,天线正常","湖南省长沙市雨花区G4(京港澳高速),距长沙市公共交通投资管理有限公司 约275米,距汇米巴忆安南食店 约290米",113.056864,28.168742
,2017-07-04 16:06:09,0,0,0,"ACC开,3D定位,天线正常","湖南省长沙市雨花区G4(京港澳高速),距长沙市公共交通投资管理有限公司 约275米,距汇米巴忆安南食店 约290米",113.056864,28.168739
,2017-07-04 16:07:09,0,0,0,"ACC开,3D定位,天线正常","湖南省长沙市雨花区G4(京港澳高速),距长沙市公共交通投资管理有限公司 约275米,距汇米巴忆安南食店 约290米",113.056863,28.168737
,2017-07-04 16:08:09,0,0,0,"ACC开,3D定位,天线正常","湖南省长沙市雨花区G4(京港澳高速),距长沙市公共交通投资管理有限公司 约275米,距汇米巴忆安南食店 约290米",113.056862,28.168736
,2017-07-04 16:09:09,0,0,0,"ACC开,3D定位,天线正常","湖南省长沙市雨花区G4(京港澳高速),距长沙市公共交通投资管理有限公司 约275米,距汇米巴忆安南食店 约290米",113.056861,28.168734
,2017-07-04 16:10:09,0,0,0,"ACC开,3D定位,天线正常","湖南省长沙市雨花区G4(京港澳高速),距长沙市公共交通投资管理有限公司 约275米,距汇米巴忆安南食店 约290米",113.056862,28.168733
,2017-07-04 16:11:09,0,0,0,"ACC开,3D定位,天线正常","湖南省长沙市雨花区G4(京港澳高速),距长沙市公共交通投资管理有限公司 约275米,距汇米巴忆安南食店 约290米",113.056866,28.168731
,2017-07-04 16:12:09,0,0,0,"ACC开,3D定位,天线正常","湖南省长沙市雨花区G4(京港澳高速),距长沙市公共交通投资管理有限公司 约274米,距汇米巴忆安南食店 约290米",113.056865,28.168726
,2017-07-04 16:13:09,0,0,0,"ACC开,3D定位,天线正常","湖南省长沙市雨花区G4(京港澳高速),距长沙市公共交通投资管理有限公司 约274米,距汇米巴忆安南食店 约290米",113.056863,28.168722
,2017-07-04 16:14:09,0,0,0,"ACC开,3D定位,天线正常","湖南省长沙市雨花区G4(京港澳高速),距长沙市公共交通投资管理有限公司 约274米,距汇米巴忆安南食店 约290米",113.056862,28.16872
,2017-07-04 16:15:09,0,0,0,"ACC开,3D定位,天线正常","湖南省长沙市雨花区G4(京港澳高速),距长沙市公共交通投资管理有限公司 约273米,距汇米巴忆安南食店 约289米",113.056859,28.168717
,2017-07-04 16:16:09,0,0,0,"ACC开,3D定位,天线正常","湖南省长沙市雨花区G4(京港澳高速),距长沙市公共交通投资管理有限公司 约273米,距汇米巴忆安南食店 约289米",113.056856,28.168714
,2017-07-04 16:17:09,0,0,0,"ACC开,3D定位,天线正常","湖南省长沙市雨花区G4(京港澳高速),距长沙市公共交通投资管理有限公司 约273米,距汇米巴忆安南食店 约289米",113.056854,28.168713
,2017-07-04 16:18:09,0,0,0,"ACC开,3D定位,天线正常","湖南省长沙市雨花区G4(京港澳高速),距长沙市公共交通投资管理有限公司 约272米,距汇米巴忆安南食店 约289米",113.056851,28.168712
,2017-07-04 16:19:09,0,0,0,"ACC开,3D定位,天线正常","湖南省长沙市雨花区G4(京港澳高速),距长沙市公共交通投资管理有限公司 约272米,距汇米巴忆安南食店 约288米",113.05685,28.168711
,2017-07-04 16:20:09,0,0,0,"ACC开,3D定位,天线正常","湖南省长沙市雨花区G4(京港澳高速),距长沙市公共交通投资管理有限公司 约272米,距汇米巴忆安南食店 约288米",113.056847,28.16871
,2017-07-04 16:21:09,0,0,0,"ACC开,3D定位,天线正常","湖南省长沙市雨花区G4(京港澳高速),距长沙市公共交通投资管理有限公司 约272米,距汇米巴忆安南食店 约288米",113.056844,28.168708
,2017-07-04 16:22:09,0,0,0,"ACC开,3D定位,天线正常","湖南省长沙市雨花区G4(京港澳高速),距长沙市公共交通投资管理有限公司 约271米,距汇米巴忆安南食店 约288米",113.056842,28.168706
,2017-07-04 16:23:09,0,0,0,"ACC开,3D定位,天线正常","湖南省长沙市雨花区G4(京港澳高速),距长沙市公共交通投资管理有限公司 约271米,距汇米巴忆安南食店 约287米",113.056839,28.168705
,2017-07-04 16:24:09,0,0,0,"ACC开,3D定位,天线正常","湖南省长沙市雨花区G4(京港澳高速),距长沙市公共交通投资管理有限公司 约271米,距汇米巴忆安南食店 约287米",113.056837,28.168704
,2017-07-04 16:25:09,0,0,0,"ACC开,3D定位,天线正常","湖南省长沙市雨花区G4(京港澳高速),距长沙市公共交通投资管理有限公司 约271米,距汇米巴忆安南食店 约287米",113.056838,28.168701
,2017-07-04 16:26:09,0,0,0,"ACC开,3D定位,天线正常","湖南省长沙市雨花区G4(京港澳高速),距长沙市公共交通投资管理有限公司 约270米,距汇米巴忆安南食店 约287米",113.056838,28.168698
,2017-07-04 16:27:09,0,0,0,"ACC开,3D定位,天线正常","湖南省长沙市雨花区G4(京港澳高速),距长沙市公共交通投资管理有限公司 约270米,距汇米巴忆安南食店 约287米",113.056839,28.168697
,2017-07-04 16:28:09,0,0,0,"ACC开,3D定位,天线正常","湖南省长沙市雨花区G4(京港澳高速),距长沙市公共交通投资管理有限公司 约270米,距汇米巴忆安南食店 约287米",113.056837,28.168695
,2017-07-04 16:29:09,0,0,0,"ACC开,3D定位,天线正常","湖南省长沙市雨花区G4(京港澳高速),距长沙市公共交通投资管理有限公司 约270米,距汇米巴忆安南食店 约287米",113.056836,28.168692
,2017-07-04 16:30:09,0,0,0,"ACC开,3D定位,天线正常","湖南省长沙市雨花区G4(京港澳高速),距长沙市公共交通投资管理有限公司 约270米,距汇米巴忆安南食店 约287米",113.056836,28.16869
,2017-07-04 16:31:09,0,0,0,"ACC开,3D定位,天线正常","湖南省长沙市雨花区G4(京港澳高速),距长沙市公共交通投资管理有限公司 约270米,距汇米巴忆安南食店 约287米",113.056836,28.168687
,2017-07-04 16:32:09,0,0,0,"ACC开,3D定位,天线正常","湖南省长沙市雨花区G4(京港澳高速),距长沙市公共交通投资管理有限公司 约269米,距汇米巴忆安南食店 约287米",113.056837,28.168684
,2017-07-04 16:33:09,0,0,0,"ACC开,3D定位,天线正常","湖南省长沙市雨花区G4(京港澳高速),距长沙市公共交通投资管理有限公司 约269米,距汇米巴忆安南食店 约287米",113.056837,28.168681
,2017-07-04 16:34:09,0,0,0,"ACC开,3D定位,天线正常","湖南省长沙市雨花区G4(京港澳高速),距长沙市公共交通投资管理有限公司 约269米,距汇米巴忆安南食店 约287米",113.056837,28.168678
,2017-07-04 16:35:09,0,0,0,"ACC开,3D定位,天线正常","湖南省长沙市雨花区G4(京港澳高速),距长沙市公共交通投资管理有限公司 约269米,距汇米巴忆安南食店 约287米",113.056835,28.168679
,2017-07-04 16:36:09,0,0,0,"ACC开,3D定位,天线正常","湖南省长沙市雨花区G4(京港澳高速),距长沙市公共交通投资管理有限公司 约269米,距汇米巴忆安南食店 约287米",113.056835,28.168677
,2017-07-04 16:37:09,0,0,0,"ACC开,3D定位,天线正常","湖南省长沙市雨花区G4(京港澳高速),距长沙市公共交通投资管理有限公司 约269米,距汇米巴忆安南食店 约287米",113.056836,28.168675
,2017-07-04 16:38:09,0,0,0,"ACC开,3D定位,天线正常","湖南省长沙市雨花区G4(京港澳高速),距长沙市公共交通投资管理有限公司 约268米,距汇米巴忆安南食店 约287米",113.056835,28.168673
,2017-07-04 16:39:09,0,0,0,"ACC开,3D定位,天线正常","湖南省长沙市雨花区G4(京港澳高速),距长沙市公共交通投资管理有限公司 约268米,距汇米巴忆安南食店 约287米",113.056833,28.168672
,2017-07-04 16:40:09,0,0,0,"ACC开,3D定位,天线正常","湖南省长沙市雨花区G4(京港澳高速),距长沙市公共交通投资管理有限公司 约268米,距汇米巴忆安南食店 约286米",113.056829,28.168669
,2017-07-04 16:41:09,0,0,0,"ACC开,3D定位,天线正常","湖南省长沙市雨花区G4(京港澳高速),距长沙市公共交通投资管理有限公司 约267米,距汇米巴忆安南食店 约286米",113.056826,28.168668
,2017-07-04 16:42:09,0,0,0,"ACC开,3D定位,天线正常","湖南省长沙市雨花区G4(京港澳高速),距长沙市公共交通投资管理有限公司 约267米,距汇米巴忆安南食店 约286米",113.056825,28.168668
