,Index,Date and Time,Speed (km/h),Distance traveled (km).1,Status,Position ,Longitude,Latitude,Distance traveled (km),Distance_geopy
0,,2017-04-24 08:00:39,0.0,0.0,"ACC开,3D定位,天线正常","湖南省长沙市雨花区G4(京港澳高速),距家庭招待所 约178米,距湘麓驾校(黎托分校)-北门 约175米",113.05672,28.168896000000004,0.0,
1,,2017-04-24 08:03:55,0.0,0.0,"ACC开,3D定位,天线正常","湖南省长沙市雨花区G4(京港澳高速),距家庭招待所 约178米,距湘麓驾校(黎托分校)-北门 约175米",113.05672,28.168896000000004,0.0,0.0
2,,2017-04-24 08:07:12,0.0,0.0,"ACC开,3D定位,天线正常","湖南省长沙市雨花区G4(京港澳高速),距家庭招待所 约178米,距湘麓驾校(黎托分校)-北门 约175米",113.05672,28.168896000000004,0.0,0.0
3,,2017-04-24 08:10:28,0.0,0.0,"ACC开,3D定位,天线正常","湖南省长沙市雨花区G4(京港澳高速),距家庭招待所 约178米,距湘麓驾校(黎托分校)-北门 约175米",113.05672,28.168896000000004,0.0,0.0
4,,2017-04-24 08:13:44,0.0,0.0,"ACC开,3D定位,天线正常","湖南省长沙市雨花区G4(京港澳高速),距家庭招待所 约178米,距湘麓驾校(黎托分校)-北门 约175米",113.05672,28.168896000000004,0.0,0.0
5,,2017-04-24 08:17:00,0.0,0.0,"ACC开,3D定位,天线正常","湖南省长沙市雨花区G4(京港澳高速),距家庭招待所 约178米,距湘麓驾校(黎托分校)-北门 约175米",113.05672,28.168896000000004,0.0,0.0
6,,2017-04-24 08:20:16,0.0,0.0,"ACC开,3D定位,天线正常","湖南省长沙市雨花区G4(京港澳高速),距家庭招待所 约178米,距湘麓驾校(黎托分校)-北门 约175米",113.05672,28.168896000000004,0.0,0.0
7,,2017-04-24 08:23:32,0.0,0.0,"ACC开,3D定位,天线正常","湖南省长沙市雨花区G4(京港澳高速),距家庭招待所 约178米,距湘麓驾校(黎托分校)-北门 约175米",113.05672,28.168896000000004,0.0,0.0
8,,2017-04-24 08:26:48,0.0,0.0,"ACC开,3D定位,天线正常","湖南省长沙市雨花区G4(京港澳高速),距家庭招待所 约178米,距湘麓驾校(黎托分校)-北门 约175米",113.05672,28.168896000000004,0.0,0.0
9,,2017-04-24 08:30:05,0.0,0.0,"ACC开,3D定位,天线正常","湖南省长沙市雨花区G4(京港澳高速),距家庭招待所 约178米,距湘麓驾校(黎托分校)-北门 约175米",113.05672,28.168896000000004,0.0,0.0
10,,2017-04-24 08:33:21,0.0,0.0,"ACC开,3D定位,天线正常","湖南省长沙市雨花区G4(京港澳高速),距家庭招待所 约178米,距湘麓驾校(黎托分校)-北门 约175米",113.05672,28.168896000000004,0.0,0.0
11,,2017-04-24 08:36:38,0.0,0.0,"ACC开,3D定位,天线正常","湖南省长沙市雨花区G4(京港澳高速),距家庭招待所 约178米,距湘麓驾校(黎托分校)-北门 约175米",113.05672,28.168896000000004,0.0,0.0
12,,2017-04-24 08:39:54,0.0,0.0,"ACC开,3D定位,天线正常","湖南省长沙市雨花区G4(京港澳高速),距家庭招待所 约178米,距湘麓驾校(黎托分校)-北门 约175米",113.05672,28.168896000000004,0.0,0.0
13,,2017-04-24 08:43:10,0.0,0.0,"ACC开,3D定位,天线正常","湖南省长沙市雨花区G4(京港澳高速),距家庭招待所 约178米,距湘麓驾校(黎托分校)-北门 约175米",113.05672,28.168896000000004,0.0,0.0
14,,2017-04-24 08:46:26,0.0,0.0,"ACC开,3D定位,天线正常","湖南省长沙市雨花区G4(京港澳高速),距家庭招待所 约178米,距湘麓驾校(黎托分校)-北门 约175米",113.05672,28.168896000000004,0.0,0.0
15,,2017-04-24 08:49:42,0.0,0.0,"ACC开,3D定位,天线正常","湖南省长沙市雨花区G4(京港澳高速),距家庭招待所 约178米,距湘麓驾校(黎托分校)-北门 约175米",113.05672,28.168896000000004,0.0,0.0
16,,2017-04-24 08:52:58,0.0,0.0,"ACC开,3D定位,天线正常","湖南省长沙市雨花区G4(京港澳高速),距家庭招待所 约178米,距湘麓驾校(黎托分校)-北门 约175米",113.05672,28.168896000000004,0.0,0.0
17,,2017-04-24 08:56:15,0.0,0.0,"ACC开,3D定位,天线正常","湖南省长沙市雨花区G4(京港澳高速),距家庭招待所 约178米,距湘麓驾校(黎托分校)-北门 约175米",113.05672,28.168896000000004,0.0,0.0
18,,2017-04-24 08:59:30,0.0,0.0,"ACC开,3D定位,天线正常","湖南省长沙市雨花区G4(京港澳高速),距家庭招待所 约178米,距湘麓驾校(黎托分校)-北门 约175米",113.05672,28.168896000000004,0.0,0.0
19,,2017-04-24 09:02:47,0.0,0.0,"ACC开,3D定位,天线正常","湖南省长沙市雨花区G4(京港澳高速),距家庭招待所 约178米,距湘麓驾校(黎托分校)-北门 约175米",113.05672,28.168896000000004,0.0,0.0
20,,2017-04-24 09:06:03,0.0,0.0,"ACC开,3D定位,天线正常","湖南省长沙市雨花区G4(京港澳高速),距家庭招待所 约178米,距湘麓驾校(黎托分校)-北门 约175米",113.05672,28.168896000000004,0.0,0.0
21,,2017-04-24 09:09:19,0.0,0.0,"ACC开,3D定位,天线正常","湖南省长沙市雨花区G4(京港澳高速),距家庭招待所 约178米,距湘麓驾校(黎托分校)-北门 约175米",113.05672,28.168896000000004,0.0,0.0
22,,2017-04-24 09:12:35,0.0,0.0,"ACC开,3D定位,天线正常","湖南省长沙市雨花区G4(京港澳高速),距家庭招待所 约178米,距湘麓驾校(黎托分校)-北门 约175米",113.05672,28.168896000000004,0.0,0.0
23,,2017-04-24 09:15:51,0.0,0.0,"ACC开,3D定位,天线正常","湖南省长沙市雨花区G4(京港澳高速),距家庭招待所 约178米,距湘麓驾校(黎托分校)-北门 约175米",113.05672,28.168896000000004,0.0,0.0
24,,2017-04-24 09:19:07,0.0,0.0,"ACC开,3D定位,天线正常","湖南省长沙市雨花区G4(京港澳高速),距家庭招待所 约178米,距湘麓驾校(黎托分校)-北门 约175米",113.05672,28.168896000000004,0.0,0.0
25,,2017-04-24 09:22:24,0.0,0.0,"ACC开,3D定位,天线正常","湖南省长沙市雨花区G4(京港澳高速),距家庭招待所 约178米,距湘麓驾校(黎托分校)-北门 约175米",113.05672,28.168896000000004,0.0,0.0
26,,2017-04-24 09:25:40,0.0,0.0,"ACC开,3D定位,天线正常","湖南省长沙市雨花区G4(京港澳高速),距家庭招待所 约178米,距湘麓驾校(黎托分校)-北门 约175米",113.05672,28.168896000000004,0.0,0.0
27,,2017-04-24 09:28:56,0.0,0.0,"ACC开,3D定位,天线正常","湖南省长沙市雨花区G4(京港澳高速),距家庭招待所 约178米,距湘麓驾校(黎托分校)-北门 约175米",113.05672,28.168896000000004,0.0,0.0
28,,2017-04-24 09:32:13,0.0,0.0,"ACC开,3D定位,天线正常","湖南省长沙市雨花区G4(京港澳高速),距家庭招待所 约178米,距湘麓驾校(黎托分校)-北门 约175米",113.05672,28.168896000000004,0.0,0.0
29,,2017-04-24 09:35:28,0.0,0.0,"ACC开,3D定位,天线正常","湖南省长沙市雨花区G4(京港澳高速),距家庭招待所 约178米,距湘麓驾校(黎托分校)-北门 约175米",113.05672,28.168896000000004,0.0,0.0
30,,2017-04-24 09:38:45,0.0,0.0,"ACC开,3D定位,天线正常","湖南省长沙市雨花区G4(京港澳高速),距家庭招待所 约178米,距湘麓驾校(黎托分校)-北门 约175米",113.05672,28.168896000000004,0.0,0.0
31,,2017-04-24 09:42:01,0.0,0.0,"ACC开,3D定位,天线正常","湖南省长沙市雨花区G4(京港澳高速),距家庭招待所 约178米,距湘麓驾校(黎托分校)-北门 约175米",113.05672,28.168896000000004,0.0,0.0
32,,2017-04-24 09:45:17,0.0,0.0,"ACC开,3D定位,天线正常","湖南省长沙市雨花区G4(京港澳高速),距家庭招待所 约178米,距湘麓驾校(黎托分校)-北门 约175米",113.05672,28.168896000000004,0.0,0.0
33,,2017-04-24 09:48:33,0.0,0.0,"ACC开,3D定位,天线正常","湖南省长沙市雨花区G4(京港澳高速),距家庭招待所 约178米,距湘麓驾校(黎托分校)-北门 约175米",113.05672,28.168896000000004,0.0,0.0
34,,2017-04-24 09:51:49,0.0,0.0,"ACC开,3D定位,天线正常","湖南省长沙市雨花区G4(京港澳高速),距家庭招待所 约178米,距湘麓驾校(黎托分校)-北门 约175米",113.05672,28.168896000000004,0.0,0.0
35,,2017-04-24 09:55:05,0.0,0.0,"ACC开,3D定位,天线正常","湖南省长沙市雨花区G4(京港澳高速),距家庭招待所 约178米,距湘麓驾校(黎托分校)-北门 约175米",113.05672,28.168896000000004,0.0,0.0
36,,2017-04-24 09:58:22,0.0,0.0,"ACC开,3D定位,天线正常","湖南省长沙市雨花区G4(京港澳高速),距家庭招待所 约178米,距湘麓驾校(黎托分校)-北门 约175米",113.05672,28.168896000000004,0.0,0.0
37,,2017-04-24 10:01:38,0.0,0.0,"ACC开,3D定位,天线正常","湖南省长沙市雨花区G4(京港澳高速),距家庭招待所 约178米,距湘麓驾校(黎托分校)-北门 约175米",113.05672,28.168896000000004,0.0,0.0
38,,2017-04-24 10:04:54,0.0,0.0,"ACC开,3D定位,天线正常","湖南省长沙市雨花区G4(京港澳高速),距家庭招待所 约178米,距湘麓驾校(黎托分校)-北门 约175米",113.05672,28.168896000000004,0.0,0.0
39,,2017-04-24 10:08:10,0.0,0.0,"ACC开,3D定位,天线正常","湖南省长沙市雨花区G4(京港澳高速),距家庭招待所 约178米,距湘麓驾校(黎托分校)-北门 约175米",113.05672,28.168896000000004,0.0,0.0
40,,2017-04-24 10:11:27,0.0,0.0,"ACC开,3D定位,天线正常","湖南省长沙市雨花区G4(京港澳高速),距家庭招待所 约178米,距湘麓驾校(黎托分校)-北门 约175米",113.05672,28.168896000000004,0.0,0.0
41,,2017-04-24 10:14:43,0.0,0.0,"ACC开,3D定位,天线正常","湖南省长沙市雨花区G4(京港澳高速),距家庭招待所 约178米,距湘麓驾校(黎托分校)-北门 约175米",113.05672,28.168896000000004,0.0,0.0
42,,2017-04-24 10:17:59,0.0,0.0,"ACC开,3D定位,天线正常","湖南省长沙市雨花区G4(京港澳高速),距家庭招待所 约178米,距湘麓驾校(黎托分校)-北门 约175米",113.05672,28.168896000000004,0.0,0.0
43,,2017-04-24 10:21:15,0.0,0.0,"ACC开,3D定位,天线正常","湖南省长沙市雨花区G4(京港澳高速),距家庭招待所 约178米,距湘麓驾校(黎托分校)-北门 约175米",113.05672,28.168896000000004,0.0,0.0
44,,2017-04-24 10:24:31,0.0,0.0,"ACC开,3D定位,天线正常","湖南省长沙市雨花区G4(京港澳高速),距家庭招待所 约178米,距湘麓驾校(黎托分校)-北门 约175米",113.05672,28.168896000000004,0.0,0.0
45,,2017-04-24 10:27:48,0.0,0.0,"ACC开,3D定位,天线正常","湖南省长沙市雨花区G4(京港澳高速),距家庭招待所 约178米,距湘麓驾校(黎托分校)-北门 约175米",113.05672,28.168896000000004,0.0,0.0
46,,2017-04-24 10:31:04,0.0,0.0,"ACC开,3D定位,天线正常","湖南省长沙市雨花区G4(京港澳高速),距家庭招待所 约178米,距湘麓驾校(黎托分校)-北门 约175米",113.05672,28.168896000000004,0.0,0.0
47,,2017-04-24 10:34:20,0.0,0.0,"ACC开,3D定位,天线正常","湖南省长沙市雨花区G4(京港澳高速),距家庭招待所 约178米,距湘麓驾校(黎托分校)-北门 约175米",113.05672,28.168896000000004,0.0,0.0
48,,2017-04-24 10:37:36,0.0,0.0,"ACC开,3D定位,天线正常","湖南省长沙市雨花区G4(京港澳高速),距家庭招待所 约178米,距湘麓驾校(黎托分校)-北门 约175米",113.05672,28.168896000000004,0.0,0.0
49,,2017-04-24 10:40:52,0.0,0.0,"ACC开,3D定位,天线正常","湖南省长沙市雨花区G4(京港澳高速),距家庭招待所 约178米,距湘麓驾校(黎托分校)-北门 约175米",113.05672,28.168896000000004,0.0,0.0
50,,2017-04-24 10:44:08,0.0,0.0,"ACC开,3D定位,天线正常","湖南省长沙市雨花区G4(京港澳高速),距家庭招待所 约178米,距湘麓驾校(黎托分校)-北门 约175米",113.05672,28.168896000000004,0.0,0.0
51,,2017-04-24 10:47:25,0.0,0.0,"ACC开,3D定位,天线正常","湖南省长沙市雨花区G4(京港澳高速),距家庭招待所 约178米,距湘麓驾校(黎托分校)-北门 约175米",113.05672,28.168896000000004,0.0,0.0
52,,2017-04-24 10:50:41,0.0,0.0,"ACC开,3D定位,天线正常","湖南省长沙市雨花区G4(京港澳高速),距家庭招待所 约178米,距湘麓驾校(黎托分校)-北门 约175米",113.05672,28.168896000000004,0.0,0.0
53,,2017-04-24 10:53:57,0.0,0.0,"ACC开,3D定位,天线正常","湖南省长沙市雨花区G4(京港澳高速),距家庭招待所 约178米,距湘麓驾校(黎托分校)-北门 约175米",113.05672,28.168896000000004,0.0,0.0
54,,2017-04-24 10:57:13,0.0,0.0,"ACC开,3D定位,天线正常","湖南省长沙市雨花区G4(京港澳高速),距家庭招待所 约178米,距湘麓驾校(黎托分校)-北门 约175米",113.05672,28.168896000000004,0.0,0.0
55,,2017-04-24 11:00:29,0.0,0.0,"ACC开,3D定位,天线正常","湖南省长沙市雨花区G4(京港澳高速),距家庭招待所 约178米,距湘麓驾校(黎托分校)-北门 约175米",113.05672,28.168896000000004,0.0,0.0
56,,2017-04-24 11:03:45,0.0,0.0,"ACC开,3D定位,天线正常","湖南省长沙市雨花区G4(京港澳高速),距家庭招待所 约178米,距湘麓驾校(黎托分校)-北门 约175米",113.05672,28.168896000000004,0.0,0.0
57,,2017-04-24 11:07:02,0.0,0.0,"ACC开,3D定位,天线正常","湖南省长沙市雨花区G4(京港澳高速),距家庭招待所 约178米,距湘麓驾校(黎托分校)-北门 约175米",113.05672,28.168896000000004,0.0,0.0
58,,2017-04-24 11:10:18,0.0,0.0,"ACC开,3D定位,天线正常","湖南省长沙市雨花区G4(京港澳高速),距家庭招待所 约178米,距湘麓驾校(黎托分校)-北门 约175米",113.05672,28.168896000000004,0.0,0.0
59,,2017-04-24 11:13:34,0.0,0.0,"ACC开,3D定位,天线正常","湖南省长沙市雨花区G4(京港澳高速),距家庭招待所 约178米,距湘麓驾校(黎托分校)-北门 约175米",113.05672,28.168896000000004,0.0,0.0
60,,2017-04-24 11:16:50,0.0,0.0,"ACC开,3D定位,天线正常","湖南省长沙市雨花区G4(京港澳高速),距家庭招待所 约178米,距湘麓驾校(黎托分校)-北门 约175米",113.05672,28.168896000000004,0.0,0.0
61,,2017-04-24 11:20:06,0.0,0.0,"ACC开,3D定位,天线正常","湖南省长沙市雨花区G4(京港澳高速),距家庭招待所 约178米,距湘麓驾校(黎托分校)-北门 约175米",113.05672,28.168896000000004,0.0,0.0
62,,2017-04-24 11:23:23,0.0,0.0,"ACC开,3D定位,天线正常","湖南省长沙市雨花区G4(京港澳高速),距家庭招待所 约178米,距湘麓驾校(黎托分校)-北门 约175米",113.05672,28.168896000000004,0.0,0.0
63,,2017-04-24 11:26:39,0.0,0.0,"ACC开,3D定位,天线正常","湖南省长沙市雨花区G4(京港澳高速),距家庭招待所 约178米,距湘麓驾校(黎托分校)-北门 约175米",113.05672,28.168896000000004,0.0,0.0
64,,2017-04-24 11:29:56,0.0,0.0,"ACC开,3D定位,天线正常","湖南省长沙市雨花区G4(京港澳高速),距家庭招待所 约178米,距湘麓驾校(黎托分校)-北门 约175米",113.05672,28.168896000000004,0.0,0.0
65,,2017-04-24 11:33:12,0.0,0.0,"ACC开,3D定位,天线正常","湖南省长沙市雨花区G4(京港澳高速),距家庭招待所 约178米,距湘麓驾校(黎托分校)-北门 约175米",113.05672,28.168896000000004,0.0,0.0
66,,2017-04-24 11:36:28,0.0,0.0,"ACC开,3D定位,天线正常","湖南省长沙市雨花区G4(京港澳高速),距家庭招待所 约178米,距湘麓驾校(黎托分校)-北门 约175米",113.05672,28.168896000000004,0.0,0.0
67,,2017-04-24 11:39:44,0.0,0.0,"ACC开,3D定位,天线正常","湖南省长沙市雨花区G4(京港澳高速),距家庭招待所 约178米,距湘麓驾校(黎托分校)-北门 约175米",113.05672,28.168896000000004,0.0,0.0
68,,2017-04-24 11:43:00,0.0,0.0,"ACC开,3D定位,天线正常","湖南省长沙市雨花区G4(京港澳高速),距家庭招待所 约178米,距湘麓驾校(黎托分校)-北门 约175米",113.05672,28.168896000000004,0.0,0.0
69,,2017-04-24 11:46:16,0.0,0.0,"ACC开,3D定位,天线正常","湖南省长沙市雨花区G4(京港澳高速),距家庭招待所 约178米,距湘麓驾校(黎托分校)-北门 约175米",113.05672,28.168896000000004,0.0,0.0
70,,2017-04-24 11:49:32,0.0,0.0,"ACC开,3D定位,天线正常","湖南省长沙市雨花区G4(京港澳高速),距家庭招待所 约178米,距湘麓驾校(黎托分校)-北门 约175米",113.05672,28.168896000000004,0.0,0.0
71,,2017-04-24 11:52:49,0.0,0.0,"ACC开,3D定位,天线正常","湖南省长沙市雨花区G4(京港澳高速),距家庭招待所 约178米,距湘麓驾校(黎托分校)-北门 约175米",113.05672,28.168896000000004,0.0,0.0
72,,2017-04-24 11:56:05,0.0,0.0,"ACC开,3D定位,天线正常","湖南省长沙市雨花区G4(京港澳高速),距家庭招待所 约178米,距湘麓驾校(黎托分校)-北门 约175米",113.05672,28.168896000000004,0.0,0.0
73,,2017-04-24 11:59:21,0.0,0.0,"ACC开,3D定位,天线正常","湖南省长沙市雨花区G4(京港澳高速),距家庭招待所 约178米,距湘麓驾校(黎托分校)-北门 约175米",113.05672,28.168896000000004,0.0,0.0
74,,2017-04-24 12:02:37,0.0,0.0,"ACC开,3D定位,天线正常","湖南省长沙市雨花区G4(京港澳高速),距家庭招待所 约178米,距湘麓驾校(黎托分校)-北门 约175米",113.05672,28.168896000000004,0.0,0.0
75,,2017-04-24 12:05:53,0.0,0.0,"ACC开,3D定位,天线正常","湖南省长沙市雨花区G4(京港澳高速),距家庭招待所 约178米,距湘麓驾校(黎托分校)-北门 约175米",113.05672,28.168896000000004,0.0,0.0
76,,2017-04-24 12:09:09,0.0,0.0,"ACC开,3D定位,天线正常","湖南省长沙市雨花区G4(京港澳高速),距家庭招待所 约178米,距湘麓驾校(黎托分校)-北门 约175米",113.05672,28.168896000000004,0.0,0.0
77,,2017-04-24 12:12:26,0.0,0.0,"ACC开,3D定位,天线正常","湖南省长沙市雨花区G4(京港澳高速),距家庭招待所 约178米,距湘麓驾校(黎托分校)-北门 约175米",113.05672,28.168896000000004,0.0,0.0
78,,2017-04-24 12:15:42,0.0,0.0,"ACC开,3D定位,天线正常","湖南省长沙市雨花区G4(京港澳高速),距家庭招待所 约178米,距湘麓驾校(黎托分校)-北门 约175米",113.05672,28.168896000000004,0.0,0.0
79,,2017-04-24 12:18:58,0.0,0.0,"ACC开,3D定位,天线正常","湖南省长沙市雨花区G4(京港澳高速),距家庭招待所 约178米,距湘麓驾校(黎托分校)-北门 约175米",113.05672,28.168896000000004,0.0,0.0
80,,2017-04-24 12:22:14,0.0,0.0,"ACC开,3D定位,天线正常","湖南省长沙市雨花区G4(京港澳高速),距家庭招待所 约178米,距湘麓驾校(黎托分校)-北门 约175米",113.05672,28.168896000000004,0.0,0.0
81,,2017-04-24 12:25:30,0.0,0.0,"ACC开,3D定位,天线正常","湖南省长沙市雨花区G4(京港澳高速),距家庭招待所 约178米,距湘麓驾校(黎托分校)-北门 约175米",113.05672,28.168896000000004,0.0,0.0
82,,2017-04-24 12:28:46,0.0,0.0,"ACC开,3D定位,天线正常","湖南省长沙市雨花区G4(京港澳高速),距家庭招待所 约178米,距湘麓驾校(黎托分校)-北门 约175米",113.05672,28.168896000000004,0.0,0.0
83,,2017-04-24 12:32:03,0.0,0.0,"ACC开,3D定位,天线正常","湖南省长沙市雨花区G4(京港澳高速),距家庭招待所 约178米,距湘麓驾校(黎托分校)-北门 约175米",113.05672,28.168896000000004,0.0,0.0
84,,2017-04-24 12:35:19,0.0,0.0,"ACC开,3D定位,天线正常","湖南省长沙市雨花区G4(京港澳高速),距家庭招待所 约178米,距湘麓驾校(黎托分校)-北门 约175米",113.05672,28.168896000000004,0.0,0.0
85,,2017-04-24 12:38:35,0.0,0.0,"ACC开,3D定位,天线正常","湖南省长沙市雨花区G4(京港澳高速),距家庭招待所 约178米,距湘麓驾校(黎托分校)-北门 约175米",113.05672,28.168896000000004,0.0,0.0
86,,2017-04-24 12:41:52,0.0,0.0,"ACC开,3D定位,天线正常","湖南省长沙市雨花区G4(京港澳高速),距家庭招待所 约178米,距湘麓驾校(黎托分校)-北门 约175米",113.05672,28.168896000000004,0.0,0.0
87,,2017-04-24 12:45:08,0.0,0.0,"ACC开,3D定位,天线正常","湖南省长沙市雨花区G4(京港澳高速),距家庭招待所 约178米,距湘麓驾校(黎托分校)-北门 约175米",113.05672,28.168896000000004,0.0,0.0
88,,2017-04-24 12:48:24,0.0,0.0,"ACC开,3D定位,天线正常","湖南省长沙市雨花区G4(京港澳高速),距家庭招待所 约178米,距湘麓驾校(黎托分校)-北门 约175米",113.05672,28.168896000000004,0.0,0.0
89,,2017-04-24 12:51:40,0.0,0.0,"ACC开,3D定位,天线正常","湖南省长沙市雨花区G4(京港澳高速),距家庭招待所 约178米,距湘麓驾校(黎托分校)-北门 约175米",113.05672,28.168896000000004,0.0,0.0
90,,2017-04-24 12:54:56,0.0,0.0,"ACC开,3D定位,天线正常","湖南省长沙市雨花区G4(京港澳高速),距家庭招待所 约178米,距湘麓驾校(黎托分校)-北门 约175米",113.05672,28.168896000000004,0.0,0.0
91,,2017-04-24 12:58:12,0.0,0.0,"ACC开,3D定位,天线正常","湖南省长沙市雨花区G4(京港澳高速),距家庭招待所 约178米,距湘麓驾校(黎托分校)-北门 约175米",113.05672,28.168896000000004,0.0,0.0
92,,2017-04-24 13:01:28,0.0,0.0,"ACC开,3D定位,天线正常","湖南省长沙市雨花区G4(京港澳高速),距家庭招待所 约178米,距湘麓驾校(黎托分校)-北门 约175米",113.05672,28.168896000000004,0.0,0.0
93,,2017-04-24 13:04:44,0.0,0.0,"ACC开,3D定位,天线正常","湖南省长沙市雨花区G4(京港澳高速),距家庭招待所 约178米,距湘麓驾校(黎托分校)-北门 约175米",113.05672,28.168896000000004,0.0,0.0
94,,2017-04-24 13:08:01,0.0,0.0,"ACC开,3D定位,天线正常","湖南省长沙市雨花区G4(京港澳高速),距家庭招待所 约178米,距湘麓驾校(黎托分校)-北门 约175米",113.05672,28.168896000000004,0.0,0.0
95,,2017-04-24 13:11:17,0.0,0.0,"ACC开,3D定位,天线正常","湖南省长沙市雨花区G4(京港澳高速),距家庭招待所 约178米,距湘麓驾校(黎托分校)-北门 约175米",113.05672,28.168896000000004,0.0,0.0
96,,2017-04-24 13:14:34,0.0,0.0,"ACC开,3D定位,天线正常","湖南省长沙市雨花区G4(京港澳高速),距家庭招待所 约178米,距湘麓驾校(黎托分校)-北门 约175米",113.05672,28.168896000000004,0.0,0.0
97,,2017-04-24 13:17:49,0.0,0.0,"ACC开,3D定位,天线正常","湖南省长沙市雨花区G4(京港澳高速),距家庭招待所 约178米,距湘麓驾校(黎托分校)-北门 约175米",113.05672,28.168896000000004,0.0,0.0
98,,2017-04-24 13:21:06,0.0,0.0,"ACC开,3D定位,天线正常","湖南省长沙市雨花区G4(京港澳高速),距家庭招待所 约178米,距湘麓驾校(黎托分校)-北门 约175米",113.05672,28.168896000000004,0.0,0.0
99,,2017-04-24 13:24:22,0.0,0.0,"ACC开,3D定位,天线正常","湖南省长沙市雨花区G4(京港澳高速),距家庭招待所 约178米,距湘麓驾校(黎托分校)-北门 约175米",113.05672,28.168896000000004,0.0,0.0
100,,2017-04-24 13:27:38,0.0,0.0,"ACC开,3D定位,天线正常","湖南省长沙市雨花区G4(京港澳高速),距家庭招待所 约178米,距湘麓驾校(黎托分校)-北门 约175米",113.05672,28.168896000000004,0.0,0.0
101,,2017-04-24 13:30:54,0.0,0.0,"ACC开,3D定位,天线正常","湖南省长沙市雨花区G4(京港澳高速),距家庭招待所 约178米,距湘麓驾校(黎托分校)-北门 约175米",113.05672,28.168896000000004,0.0,0.0
102,,2017-04-24 13:34:10,0.0,0.0,"ACC开,3D定位,天线正常","湖南省长沙市雨花区G4(京港澳高速),距家庭招待所 约178米,距湘麓驾校(黎托分校)-北门 约175米",113.05672,28.168896000000004,0.0,0.0
103,,2017-04-24 13:37:26,0.0,0.0,"ACC开,3D定位,天线正常","湖南省长沙市雨花区G4(京港澳高速),距家庭招待所 约178米,距湘麓驾校(黎托分校)-北门 约175米",113.05672,28.168896000000004,0.0,0.0
104,,2017-04-24 13:40:43,0.0,0.0,"ACC开,3D定位,天线正常","湖南省长沙市雨花区G4(京港澳高速),距家庭招待所 约178米,距湘麓驾校(黎托分校)-北门 约175米",113.05672,28.168896000000004,0.0,0.0
105,,2017-04-24 13:43:59,0.0,0.0,"ACC开,3D定位,天线正常","湖南省长沙市雨花区G4(京港澳高速),距家庭招待所 约178米,距湘麓驾校(黎托分校)-北门 约175米",113.05672,28.168896000000004,0.0,0.0
106,,2017-04-24 13:47:15,0.0,0.0,"ACC开,3D定位,天线正常","湖南省长沙市雨花区G4(京港澳高速),距家庭招待所 约178米,距湘麓驾校(黎托分校)-北门 约175米",113.05672,28.168896000000004,0.0,0.0
107,,2017-04-24 13:50:32,0.0,0.0,"ACC开,3D定位,天线正常","湖南省长沙市雨花区G4(京港澳高速),距家庭招待所 约178米,距湘麓驾校(黎托分校)-北门 约175米",113.05672,28.168896000000004,0.0,0.0
108,,2017-04-24 13:53:47,0.0,0.0,"ACC开,3D定位,天线正常","湖南省长沙市雨花区G4(京港澳高速),距家庭招待所 约178米,距湘麓驾校(黎托分校)-北门 约175米",113.05672,28.168896000000004,0.0,0.0
109,,2017-04-24 13:57:04,0.0,0.0,"ACC开,3D定位,天线正常","湖南省长沙市雨花区G4(京港澳高速),距家庭招待所 约178米,距湘麓驾校(黎托分校)-北门 约175米",113.05672,28.168896000000004,0.0,0.0
110,,2017-04-24 14:00:20,0.0,0.0,"ACC开,3D定位,天线正常","湖南省长沙市雨花区G4(京港澳高速),距家庭招待所 约178米,距湘麓驾校(黎托分校)-北门 约175米",113.05672,28.168896000000004,0.0,0.0
111,,2017-04-24 14:03:36,0.0,0.0,"ACC开,3D定位,天线正常","湖南省长沙市雨花区G4(京港澳高速),距家庭招待所 约178米,距湘麓驾校(黎托分校)-北门 约175米",113.05672,28.168896000000004,0.0,0.0
112,,2017-04-24 14:06:53,0.0,0.0,"ACC开,3D定位,天线正常","湖南省长沙市雨花区G4(京港澳高速),距家庭招待所 约178米,距湘麓驾校(黎托分校)-北门 约175米",113.05672,28.168896000000004,0.0,0.0
113,,2017-04-24 14:10:06,0.0,0.0,"ACC开,3D定位,天线正常","湖南省长沙市雨花区G4(京港澳高速),距家庭招待所 约178米,距湘麓驾校(黎托分校)-北门 约175米",113.05672,28.168896000000004,0.0,0.0
114,,2017-04-24 14:13:24,0.0,0.0,"ACC开,3D定位,天线正常","湖南省长沙市雨花区G4(京港澳高速),距家庭招待所 约178米,距湘麓驾校(黎托分校)-北门 约175米",113.05672,28.168896000000004,0.0,0.0
115,,2017-04-24 14:16:41,0.0,0.0,"ACC开,3D定位,天线正常","湖南省长沙市雨花区G4(京港澳高速),距家庭招待所 约178米,距湘麓驾校(黎托分校)-北门 约175米",113.05672,28.168896000000004,0.0,0.0
116,,2017-04-24 14:19:57,0.0,0.0,"ACC开,3D定位,天线正常","湖南省长沙市雨花区G4(京港澳高速),距家庭招待所 约178米,距湘麓驾校(黎托分校)-北门 约175米",113.05672,28.168896000000004,0.0,0.0
117,,2017-04-24 14:23:14,0.0,0.0,"ACC开,3D定位,天线正常","湖南省长沙市雨花区G4(京港澳高速),距家庭招待所 约178米,距湘麓驾校(黎托分校)-北门 约175米",113.05672,28.168896000000004,0.0,0.0
118,,2017-04-24 14:26:29,0.0,0.0,"ACC开,3D定位,天线正常","湖南省长沙市雨花区G4(京港澳高速),距家庭招待所 约178米,距湘麓驾校(黎托分校)-北门 约175米",113.05672,28.168896000000004,0.0,0.0
119,,2017-04-24 14:29:45,0.0,0.0,"ACC开,3D定位,天线正常","湖南省长沙市雨花区G4(京港澳高速),距家庭招待所 约178米,距湘麓驾校(黎托分校)-北门 约175米",113.05672,28.168896000000004,0.0,0.0
120,,2017-04-24 14:33:02,0.0,0.0,"ACC开,3D定位,天线正常","湖南省长沙市雨花区G4(京港澳高速),距家庭招待所 约178米,距湘麓驾校(黎托分校)-北门 约175米",113.05672,28.168896000000004,0.0,0.0
121,,2017-04-24 14:36:18,0.0,0.0,"ACC开,3D定位,天线正常","湖南省长沙市雨花区G4(京港澳高速),距家庭招待所 约178米,距湘麓驾校(黎托分校)-北门 约175米",113.05672,28.168896000000004,0.0,0.0
122,,2017-04-24 14:39:34,0.0,0.0,"ACC开,3D定位,天线正常","湖南省长沙市雨花区G4(京港澳高速),距家庭招待所 约178米,距湘麓驾校(黎托分校)-北门 约175米",113.05672,28.168896000000004,0.0,0.0
123,,2017-04-24 14:42:50,0.0,0.0,"ACC开,3D定位,天线正常","湖南省长沙市雨花区G4(京港澳高速),距家庭招待所 约178米,距湘麓驾校(黎托分校)-北门 约175米",113.05672,28.168896000000004,0.0,0.0
124,,2017-04-24 14:46:07,0.0,0.0,"ACC开,3D定位,天线正常","湖南省长沙市雨花区G4(京港澳高速),距家庭招待所 约178米,距湘麓驾校(黎托分校)-北门 约175米",113.05672,28.168896000000004,0.0,0.0
125,,2017-04-24 14:49:23,0.0,0.0,"ACC开,3D定位,天线正常","湖南省长沙市雨花区G4(京港澳高速),距家庭招待所 约178米,距湘麓驾校(黎托分校)-北门 约175米",113.05672,28.168896000000004,0.0,0.0
126,,2017-04-24 14:52:39,0.0,0.0,"ACC开,3D定位,天线正常","湖南省长沙市雨花区G4(京港澳高速),距家庭招待所 约178米,距湘麓驾校(黎托分校)-北门 约175米",113.05672,28.168896000000004,0.0,0.0
127,,2017-04-24 14:55:55,0.0,0.0,"ACC开,3D定位,天线正常","湖南省长沙市雨花区G4(京港澳高速),距家庭招待所 约178米,距湘麓驾校(黎托分校)-北门 约175米",113.05672,28.168896000000004,0.0,0.0
128,,2017-04-24 14:59:11,0.0,0.0,"ACC开,3D定位,天线正常","湖南省长沙市雨花区G4(京港澳高速),距家庭招待所 约178米,距湘麓驾校(黎托分校)-北门 约175米",113.05672,28.168896000000004,0.0,0.0
129,,2017-04-24 15:02:27,0.0,0.0,"ACC开,3D定位,天线正常","湖南省长沙市雨花区G4(京港澳高速),距家庭招待所 约178米,距湘麓驾校(黎托分校)-北门 约175米",113.05672,28.168896000000004,0.0,0.0
130,,2017-04-24 15:05:44,0.0,0.0,"ACC开,3D定位,天线正常","湖南省长沙市雨花区G4(京港澳高速),距家庭招待所 约178米,距湘麓驾校(黎托分校)-北门 约175米",113.05672,28.168896000000004,0.0,0.0
131,,2017-04-24 15:09:00,0.0,0.0,"ACC开,3D定位,天线正常","湖南省长沙市雨花区G4(京港澳高速),距家庭招待所 约178米,距湘麓驾校(黎托分校)-北门 约175米",113.05672,28.168896000000004,0.0,0.0
132,,2017-04-24 15:12:16,0.0,0.0,"ACC开,3D定位,天线正常","湖南省长沙市雨花区G4(京港澳高速),距家庭招待所 约178米,距湘麓驾校(黎托分校)-北门 约175米",113.05672,28.168896000000004,0.0,0.0
133,,2017-04-24 15:15:32,0.0,0.0,"ACC开,3D定位,天线正常","湖南省长沙市雨花区G4(京港澳高速),距家庭招待所 约178米,距湘麓驾校(黎托分校)-北门 约175米",113.05672,28.168896000000004,0.0,0.0
134,,2017-04-24 15:18:48,0.0,0.0,"ACC开,3D定位,天线正常","湖南省长沙市雨花区G4(京港澳高速),距家庭招待所 约178米,距湘麓驾校(黎托分校)-北门 约175米",113.05672,28.168896000000004,0.0,0.0
135,,2017-04-24 15:22:05,0.0,0.0,"ACC开,3D定位,天线正常","湖南省长沙市雨花区G4(京港澳高速),距家庭招待所 约178米,距湘麓驾校(黎托分校)-北门 约175米",113.05672,28.168896000000004,0.0,0.0
136,,2017-04-24 15:25:21,0.0,0.0,"ACC开,3D定位,天线正常","湖南省长沙市雨花区G4(京港澳高速),距家庭招待所 约178米,距湘麓驾校(黎托分校)-北门 约175米",113.05672,28.168896000000004,0.0,0.0
137,,2017-04-24 15:28:37,0.0,0.0,"ACC开,3D定位,天线正常","湖南省长沙市雨花区G4(京港澳高速),距家庭招待所 约178米,距湘麓驾校(黎托分校)-北门 约175米",113.05672,28.168896000000004,0.0,0.0
138,,2017-04-24 15:31:53,0.0,0.0,"ACC开,3D定位,天线正常","湖南省长沙市雨花区G4(京港澳高速),距家庭招待所 约178米,距湘麓驾校(黎托分校)-北门 约175米",113.05672,28.168896000000004,0.0,0.0
139,,2017-04-24 15:35:10,0.0,0.0,"ACC开,3D定位,天线正常","湖南省长沙市雨花区G4(京港澳高速),距家庭招待所 约178米,距湘麓驾校(黎托分校)-北门 约175米",113.05672,28.168896000000004,0.0,0.0
140,,2017-04-24 15:38:26,0.0,0.0,"ACC开,3D定位,天线正常","湖南省长沙市雨花区G4(京港澳高速),距家庭招待所 约178米,距湘麓驾校(黎托分校)-北门 约175米",113.05672,28.168896000000004,0.0,0.0
141,,2017-04-24 15:41:42,0.0,0.0,"ACC开,3D定位,天线正常","湖南省长沙市雨花区G4(京港澳高速),距家庭招待所 约178米,距湘麓驾校(黎托分校)-北门 约175米",113.05672,28.168896000000004,0.0,0.0
142,,2017-04-24 15:44:58,0.0,0.0,"ACC开,3D定位,天线正常","湖南省长沙市雨花区G4(京港澳高速),距家庭招待所 约178米,距湘麓驾校(黎托分校)-北门 约175米",113.05672,28.168896000000004,0.0,0.0
143,,2017-04-24 15:48:14,0.0,0.0,"ACC开,3D定位,天线正常","湖南省长沙市雨花区G4(京港澳高速),距家庭招待所 约178米,距湘麓驾校(黎托分校)-北门 约175米",113.05672,28.168896000000004,0.0,0.0
144,,2017-04-24 15:51:31,0.0,0.0,"ACC开,3D定位,天线正常","湖南省长沙市雨花区G4(京港澳高速),距家庭招待所 约178米,距湘麓驾校(黎托分校)-北门 约175米",113.05672,28.168896000000004,0.0,0.0
145,,2017-04-24 15:54:46,0.0,0.0,"ACC开,3D定位,天线正常","湖南省长沙市雨花区G4(京港澳高速),距家庭招待所 约178米,距湘麓驾校(黎托分校)-北门 约175米",113.05672,28.168896000000004,0.0,0.0
146,,2017-04-24 15:58:03,0.0,0.0,"ACC开,3D定位,天线正常","湖南省长沙市雨花区G4(京港澳高速),距家庭招待所 约178米,距湘麓驾校(黎托分校)-北门 约175米",113.05672,28.168896000000004,0.0,0.0
147,,2017-04-24 16:01:19,0.0,0.0,"ACC开,3D定位,天线正常","湖南省长沙市雨花区G4(京港澳高速),距家庭招待所 约178米,距湘麓驾校(黎托分校)-北门 约175米",113.05672,28.168896000000004,0.0,0.0
148,,2017-04-24 16:04:35,0.0,0.0,"ACC开,3D定位,天线正常","湖南省长沙市雨花区G4(京港澳高速),距家庭招待所 约178米,距湘麓驾校(黎托分校)-北门 约175米",113.05672,28.168896000000004,0.0,0.0
149,,2017-04-24 16:07:51,0.0,0.0,"ACC开,3D定位,天线正常","湖南省长沙市雨花区G4(京港澳高速),距家庭招待所 约178米,距湘麓驾校(黎托分校)-北门 约175米",113.05672,28.168896000000004,0.0,0.0
150,,2017-04-24 16:11:07,0.0,0.0,"ACC开,3D定位,天线正常","湖南省长沙市雨花区G4(京港澳高速),距家庭招待所 约178米,距湘麓驾校(黎托分校)-北门 约175米",113.05672,28.168896000000004,0.0,0.0
151,,2017-04-24 16:14:23,0.0,0.0,"ACC开,3D定位,天线正常","湖南省长沙市雨花区G4(京港澳高速),距家庭招待所 约178米,距湘麓驾校(黎托分校)-北门 约175米",113.05672,28.168896000000004,0.0,0.0
152,,2017-04-24 16:17:40,0.0,0.0,"ACC开,3D定位,天线正常","湖南省长沙市雨花区G4(京港澳高速),距家庭招待所 约178米,距湘麓驾校(黎托分校)-北门 约175米",113.05672,28.168896000000004,0.0,0.0
153,,2017-04-24 16:20:56,0.0,0.0,"ACC开,3D定位,天线正常","湖南省长沙市雨花区G4(京港澳高速),距家庭招待所 约178米,距湘麓驾校(黎托分校)-北门 约175米",113.05672,28.168896000000004,0.0,0.0
154,,2017-04-24 16:24:12,0.0,0.0,"ACC开,3D定位,天线正常","湖南省长沙市雨花区G4(京港澳高速),距家庭招待所 约178米,距湘麓驾校(黎托分校)-北门 约175米",113.05672,28.168896000000004,0.0,0.0
155,,2017-04-24 16:27:29,0.0,0.0,"ACC开,3D定位,天线正常","湖南省长沙市雨花区G4(京港澳高速),距家庭招待所 约178米,距湘麓驾校(黎托分校)-北门 约175米",113.05672,28.168896000000004,0.0,0.0
156,,2017-04-24 16:30:45,0.0,0.0,"ACC开,3D定位,天线正常","湖南省长沙市雨花区G4(京港澳高速),距家庭招待所 约178米,距湘麓驾校(黎托分校)-北门 约175米",113.05672,28.168896000000004,0.0,0.0
157,,2017-04-24 16:34:01,0.0,0.0,"ACC开,3D定位,天线正常","湖南省长沙市雨花区G4(京港澳高速),距家庭招待所 约178米,距湘麓驾校(黎托分校)-北门 约175米",113.05672,28.168896000000004,0.0,0.0
158,,2017-04-24 16:37:17,0.0,0.0,"ACC开,3D定位,天线正常","湖南省长沙市雨花区G4(京港澳高速),距家庭招待所 约178米,距湘麓驾校(黎托分校)-北门 约175米",113.05672,28.168896000000004,0.0,0.0
159,,2017-04-24 16:40:33,0.0,0.0,"ACC开,3D定位,天线正常","湖南省长沙市雨花区G4(京港澳高速),距家庭招待所 约178米,距湘麓驾校(黎托分校)-北门 约175米",113.05672,28.168896000000004,0.0,0.0
160,,2017-04-24 16:43:49,0.0,0.0,"ACC开,3D定位,天线正常","湖南省长沙市雨花区G4(京港澳高速),距家庭招待所 约178米,距湘麓驾校(黎托分校)-北门 约175米",113.05672,28.168896000000004,0.0,0.0
161,,2017-04-24 16:47:05,0.0,0.0,"ACC开,3D定位,天线正常","湖南省长沙市雨花区G4(京港澳高速),距家庭招待所 约178米,距湘麓驾校(黎托分校)-北门 约175米",113.05672,28.168896000000004,0.0,0.0
162,,2017-04-24 16:50:21,0.0,0.0,"ACC开,3D定位,天线正常","湖南省长沙市雨花区G4(京港澳高速),距家庭招待所 约178米,距湘麓驾校(黎托分校)-北门 约175米",113.05672,28.168896000000004,0.0,0.0
163,,2017-04-24 16:53:38,0.0,0.0,"ACC开,3D定位,天线正常","湖南省长沙市雨花区G4(京港澳高速),距家庭招待所 约178米,距湘麓驾校(黎托分校)-北门 约175米",113.05672,28.168896000000004,0.0,0.0
164,,2017-04-24 16:56:54,0.0,0.0,"ACC开,3D定位,天线正常","湖南省长沙市雨花区G4(京港澳高速),距家庭招待所 约178米,距湘麓驾校(黎托分校)-北门 约175米",113.05672,28.168896000000004,0.0,0.0
165,,2017-04-24 17:00:11,0.0,0.0,"ACC开,3D定位,天线正常","湖南省长沙市雨花区G4(京港澳高速),距家庭招待所 约178米,距湘麓驾校(黎托分校)-北门 约175米",113.05672,28.168896000000004,0.0,0.0
166,,2017-04-24 17:03:26,0.0,0.0,"ACC开,3D定位,天线正常","湖南省长沙市雨花区G4(京港澳高速),距家庭招待所 约178米,距湘麓驾校(黎托分校)-北门 约175米",113.05672,28.168896000000004,0.0,0.0
167,,2017-04-24 17:06:43,0.0,0.0,"ACC开,3D定位,天线正常","湖南省长沙市雨花区G4(京港澳高速),距家庭招待所 约178米,距湘麓驾校(黎托分校)-北门 约175米",113.05672,28.168896000000004,0.0,0.0
168,,2017-04-24 17:09:59,0.0,0.0,"ACC开,3D定位,天线正常","湖南省长沙市雨花区G4(京港澳高速),距家庭招待所 约178米,距湘麓驾校(黎托分校)-北门 约175米",113.05672,28.168896000000004,0.0,0.0
169,,2017-04-24 17:13:15,0.0,0.0,"ACC开,3D定位,天线正常","湖南省长沙市雨花区G4(京港澳高速),距家庭招待所 约178米,距湘麓驾校(黎托分校)-北门 约175米",113.05672,28.168896000000004,0.0,0.0
170,,2017-04-24 17:16:32,0.0,0.0,"ACC开,3D定位,天线正常","湖南省长沙市雨花区G4(京港澳高速),距家庭招待所 约178米,距湘麓驾校(黎托分校)-北门 约175米",113.05672,28.168896000000004,0.0,0.0
171,,2017-04-24 17:19:47,0.0,0.0,"ACC开,3D定位,天线正常","湖南省长沙市雨花区G4(京港澳高速),距家庭招待所 约178米,距湘麓驾校(黎托分校)-北门 约175米",113.05672,28.168896000000004,0.0,0.0
172,,2017-04-24 17:23:04,0.0,0.0,"ACC开,3D定位,天线正常","湖南省长沙市雨花区G4(京港澳高速),距家庭招待所 约178米,距湘麓驾校(黎托分校)-北门 约175米",113.05672,28.168896000000004,0.0,0.0
173,,2017-04-24 17:26:20,0.0,0.0,"ACC开,3D定位,天线正常","湖南省长沙市雨花区G4(京港澳高速),距家庭招待所 约178米,距湘麓驾校(黎托分校)-北门 约175米",113.05672,28.168896000000004,0.0,0.0
174,,2017-04-24 17:29:36,0.0,0.0,"ACC开,3D定位,天线正常","湖南省长沙市雨花区G4(京港澳高速),距家庭招待所 约178米,距湘麓驾校(黎托分校)-北门 约175米",113.05672,28.168896000000004,0.0,0.0
175,,2017-04-24 17:32:52,0.0,0.0,"ACC开,3D定位,天线正常","湖南省长沙市雨花区G4(京港澳高速),距家庭招待所 约178米,距湘麓驾校(黎托分校)-北门 约175米",113.05672,28.168896000000004,0.0,0.0
176,,2017-04-24 17:36:08,0.0,0.0,"ACC开,3D定位,天线正常","湖南省长沙市雨花区G4(京港澳高速),距家庭招待所 约178米,距湘麓驾校(黎托分校)-北门 约175米",113.05672,28.168896000000004,0.0,0.0
177,,2017-04-24 17:39:25,0.0,0.0,"ACC开,3D定位,天线正常","湖南省长沙市雨花区G4(京港澳高速),距家庭招待所 约178米,距湘麓驾校(黎托分校)-北门 约175米",113.05672,28.168896000000004,0.0,0.0
178,,2017-04-24 17:42:41,0.0,0.0,"ACC开,3D定位,天线正常","湖南省长沙市雨花区G4(京港澳高速),距家庭招待所 约178米,距湘麓驾校(黎托分校)-北门 约175米",113.05672,28.168896000000004,0.0,0.0
179,,2017-04-24 17:45:57,0.0,0.0,"ACC开,3D定位,天线正常","湖南省长沙市雨花区G4(京港澳高速),距家庭招待所 约178米,距湘麓驾校(黎托分校)-北门 约175米",113.05672,28.168896000000004,0.0,0.0
180,,2017-04-24 17:49:13,0.0,0.0,"ACC开,3D定位,天线正常","湖南省长沙市雨花区G4(京港澳高速),距家庭招待所 约178米,距湘麓驾校(黎托分校)-北门 约175米",113.05672,28.168896000000004,0.0,0.0
181,,2017-04-24 17:52:30,0.0,0.0,"ACC开,3D定位,天线正常","湖南省长沙市雨花区G4(京港澳高速),距家庭招待所 约178米,距湘麓驾校(黎托分校)-北门 约175米",113.05672,28.168896000000004,0.0,0.0
182,,2017-04-24 17:55:45,0.0,0.0,"ACC开,3D定位,天线正常","湖南省长沙市雨花区G4(京港澳高速),距家庭招待所 约178米,距湘麓驾校(黎托分校)-北门 约175米",113.05672,28.168896000000004,0.0,0.0
183,,2017-04-24 17:59:02,0.0,0.0,"ACC开,3D定位,天线正常","湖南省长沙市雨花区G4(京港澳高速),距家庭招待所 约178米,距湘麓驾校(黎托分校)-北门 约175米",113.05672,28.168896000000004,0.0,0.0
184,,2017-04-24 18:02:18,0.0,0.0,"ACC开,3D定位,天线正常","湖南省长沙市雨花区G4(京港澳高速),距家庭招待所 约178米,距湘麓驾校(黎托分校)-北门 约175米",113.05672,28.168896000000004,0.0,0.0
185,,2017-04-24 18:05:34,0.0,0.0,"ACC开,3D定位,天线正常","湖南省长沙市雨花区G4(京港澳高速),距家庭招待所 约178米,距湘麓驾校(黎托分校)-北门 约175米",113.05672,28.168896000000004,0.0,0.0
186,,2017-04-24 18:08:51,0.0,0.0,"ACC开,3D定位,天线正常","湖南省长沙市雨花区G4(京港澳高速),距家庭招待所 约178米,距湘麓驾校(黎托分校)-北门 约175米",113.05672,28.168896000000004,0.0,0.0
187,,2017-04-24 18:12:06,0.0,0.0,"ACC开,3D定位,天线正常","湖南省长沙市雨花区G4(京港澳高速),距家庭招待所 约178米,距湘麓驾校(黎托分校)-北门 约175米",113.05672,28.168896000000004,0.0,0.0
188,,2017-04-24 18:15:22,0.0,0.0,"ACC开,3D定位,天线正常","湖南省长沙市雨花区G4(京港澳高速),距家庭招待所 约178米,距湘麓驾校(黎托分校)-北门 约175米",113.05672,28.168896000000004,0.0,0.0
189,,2017-04-24 18:18:39,0.0,0.0,"ACC开,3D定位,天线正常","湖南省长沙市雨花区G4(京港澳高速),距家庭招待所 约178米,距湘麓驾校(黎托分校)-北门 约175米",113.05672,28.168896000000004,0.0,0.0
190,,2017-04-24 18:21:55,0.0,0.0,"ACC开,3D定位,天线正常","湖南省长沙市雨花区G4(京港澳高速),距家庭招待所 约178米,距湘麓驾校(黎托分校)-北门 约175米",113.05672,28.168896000000004,0.0,0.0
191,,2017-04-24 18:25:11,0.0,0.0,"ACC开,3D定位,天线正常","湖南省长沙市雨花区G4(京港澳高速),距家庭招待所 约178米,距湘麓驾校(黎托分校)-北门 约175米",113.05672,28.168896000000004,0.0,0.0
192,,2017-04-24 18:28:28,0.0,0.0,"ACC开,3D定位,天线正常","湖南省长沙市雨花区G4(京港澳高速),距家庭招待所 约178米,距湘麓驾校(黎托分校)-北门 约175米",113.05672,28.168896000000004,0.0,0.0
193,,2017-04-24 18:31:43,0.0,0.0,"ACC开,3D定位,天线正常","湖南省长沙市雨花区G4(京港澳高速),距家庭招待所 约178米,距湘麓驾校(黎托分校)-北门 约175米",113.05672,28.168896000000004,0.0,0.0
194,,2017-04-24 18:35:00,0.0,0.0,"ACC开,3D定位,天线正常","湖南省长沙市雨花区G4(京港澳高速),距家庭招待所 约178米,距湘麓驾校(黎托分校)-北门 约175米",113.05672,28.168896000000004,0.0,0.0
195,,2017-04-24 18:38:16,0.0,0.0,"ACC开,3D定位,天线正常","湖南省长沙市雨花区G4(京港澳高速),距家庭招待所 约178米,距湘麓驾校(黎托分校)-北门 约175米",113.05672,28.168896000000004,0.0,0.0
196,,2017-04-24 18:41:32,0.0,0.0,"ACC开,3D定位,天线正常","湖南省长沙市雨花区G4(京港澳高速),距家庭招待所 约178米,距湘麓驾校(黎托分校)-北门 约175米",113.05672,28.168896000000004,0.0,0.0
197,,2017-04-24 18:44:48,0.0,0.0,"ACC开,3D定位,天线正常","湖南省长沙市雨花区G4(京港澳高速),距家庭招待所 约178米,距湘麓驾校(黎托分校)-北门 约175米",113.05672,28.168896000000004,0.0,0.0
198,,2017-04-24 18:48:04,0.0,0.0,"ACC开,3D定位,天线正常","湖南省长沙市雨花区G4(京港澳高速),距家庭招待所 约178米,距湘麓驾校(黎托分校)-北门 约175米",113.05672,28.168896000000004,0.0,0.0
199,,2017-04-24 18:51:21,0.0,0.0,"ACC开,3D定位,天线正常","湖南省长沙市雨花区G4(京港澳高速),距家庭招待所 约178米,距湘麓驾校(黎托分校)-北门 约175米",113.05672,28.168896000000004,0.0,0.0
200,,2017-04-24 18:54:37,0.0,0.0,"ACC开,3D定位,天线正常","湖南省长沙市雨花区G4(京港澳高速),距家庭招待所 约178米,距湘麓驾校(黎托分校)-北门 约175米",113.05672,28.168896000000004,0.0,0.0
201,,2017-04-24 18:57:53,0.0,0.0,"ACC开,3D定位,天线正常","湖南省长沙市雨花区G4(京港澳高速),距家庭招待所 约178米,距湘麓驾校(黎托分校)-北门 约175米",113.05672,28.168896000000004,0.0,0.0
202,,2017-04-24 19:01:09,0.0,0.0,"ACC开,3D定位,天线正常","湖南省长沙市雨花区G4(京港澳高速),距家庭招待所 约178米,距湘麓驾校(黎托分校)-北门 约175米",113.05672,28.168896000000004,0.0,0.0
203,,2017-04-24 19:04:25,0.0,0.0,"ACC开,3D定位,天线正常","湖南省长沙市雨花区G4(京港澳高速),距家庭招待所 约178米,距湘麓驾校(黎托分校)-北门 约175米",113.05672,28.168896000000004,0.0,0.0
204,,2017-04-24 19:07:41,0.0,0.0,"ACC开,3D定位,天线正常","湖南省长沙市雨花区G4(京港澳高速),距家庭招待所 约178米,距湘麓驾校(黎托分校)-北门 约175米",113.05672,28.168896000000004,0.0,0.0
205,,2017-04-24 19:10:58,0.0,0.0,"ACC开,3D定位,天线正常","湖南省长沙市雨花区G4(京港澳高速),距家庭招待所 约178米,距湘麓驾校(黎托分校)-北门 约175米",113.05672,28.168896000000004,0.0,0.0
206,,2017-04-24 19:14:14,0.0,0.0,"ACC开,3D定位,天线正常","湖南省长沙市雨花区G4(京港澳高速),距家庭招待所 约178米,距湘麓驾校(黎托分校)-北门 约175米",113.05672,28.168896000000004,0.0,0.0
207,,2017-04-24 19:17:30,0.0,0.0,"ACC开,3D定位,天线正常","湖南省长沙市雨花区G4(京港澳高速),距家庭招待所 约178米,距湘麓驾校(黎托分校)-北门 约175米",113.05672,28.168896000000004,0.0,0.0
208,,2017-04-24 19:20:46,0.0,0.0,"ACC开,3D定位,天线正常","湖南省长沙市雨花区G4(京港澳高速),距家庭招待所 约178米,距湘麓驾校(黎托分校)-北门 约175米",113.05672,28.168896000000004,0.0,0.0
209,,2017-04-24 19:24:03,0.0,0.0,"ACC开,3D定位,天线正常","湖南省长沙市雨花区G4(京港澳高速),距家庭招待所 约178米,距湘麓驾校(黎托分校)-北门 约175米",113.05672,28.168896000000004,0.0,0.0
210,,2017-04-24 19:27:19,0.0,0.0,"ACC开,3D定位,天线正常","湖南省长沙市雨花区G4(京港澳高速),距家庭招待所 约178米,距湘麓驾校(黎托分校)-北门 约175米",113.05672,28.168896000000004,0.0,0.0
211,,2017-04-24 19:30:35,0.0,0.0,"ACC开,3D定位,天线正常","湖南省长沙市雨花区G4(京港澳高速),距家庭招待所 约178米,距湘麓驾校(黎托分校)-北门 约175米",113.05672,28.168896000000004,0.0,0.0
212,,2017-04-24 19:33:51,0.0,0.0,"ACC开,3D定位,天线正常","湖南省长沙市雨花区G4(京港澳高速),距家庭招待所 约178米,距湘麓驾校(黎托分校)-北门 约175米",113.05672,28.168896000000004,0.0,0.0
213,,2017-04-24 19:37:07,0.0,0.0,"ACC开,3D定位,天线正常","湖南省长沙市雨花区G4(京港澳高速),距家庭招待所 约178米,距湘麓驾校(黎托分校)-北门 约175米",113.05672,28.168896000000004,0.0,0.0
214,,2017-04-24 19:40:23,0.0,0.0,"ACC开,3D定位,天线正常","湖南省长沙市雨花区G4(京港澳高速),距家庭招待所 约178米,距湘麓驾校(黎托分校)-北门 约175米",113.05672,28.168896000000004,0.0,0.0
215,,2017-04-24 19:43:40,0.0,0.0,"ACC开,3D定位,天线正常","湖南省长沙市雨花区G4(京港澳高速),距家庭招待所 约178米,距湘麓驾校(黎托分校)-北门 约175米",113.05672,28.168896000000004,0.0,0.0
216,,2017-04-24 19:46:56,0.0,0.0,"ACC开,3D定位,天线正常","湖南省长沙市雨花区G4(京港澳高速),距家庭招待所 约178米,距湘麓驾校(黎托分校)-北门 约175米",113.05672,28.168896000000004,0.0,0.0
217,,2017-04-24 19:50:12,0.0,0.0,"ACC开,3D定位,天线正常","湖南省长沙市雨花区G4(京港澳高速),距家庭招待所 约178米,距湘麓驾校(黎托分校)-北门 约175米",113.05672,28.168896000000004,0.0,0.0
218,,2017-04-24 19:53:28,0.0,0.0,"ACC开,3D定位,天线正常","湖南省长沙市雨花区G4(京港澳高速),距家庭招待所 约178米,距湘麓驾校(黎托分校)-北门 约175米",113.05672,28.168896000000004,0.0,0.0
219,,2017-04-24 20:02:54,0.0,0.0,"ACC开,3D定位,天线正常","湖南省长沙市雨花区G4(京港澳高速),距家庭招待所 约178米,距湘麓驾校(黎托分校)-北门 约175米",113.05672,28.168896000000004,0.0,0.0
220,,2017-04-24 20:06:10,0.0,0.0,"ACC开,3D定位,天线正常","湖南省长沙市雨花区G4(京港澳高速),距家庭招待所 约178米,距湘麓驾校(黎托分校)-北门 约175米",113.05672,28.168896000000004,0.0,0.0
221,,2017-04-24 20:09:26,0.0,0.0,"ACC开,3D定位,天线正常","湖南省长沙市雨花区G4(京港澳高速),距家庭招待所 约178米,距湘麓驾校(黎托分校)-北门 约175米",113.05672,28.168896000000004,0.0,0.0
222,,2017-04-24 20:16:03,0.0,0.0,"ACC开,3D定位,天线正常","湖南省长沙市雨花区G4(京港澳高速),距家庭招待所 约178米,距湘麓驾校(黎托分校)-北门 约175米",113.05672,28.168896000000004,0.0,0.0
223,,2017-04-24 20:19:21,0.0,0.0,"ACC开,3D定位,天线正常","湖南省长沙市雨花区G4(京港澳高速),距家庭招待所 约178米,距湘麓驾校(黎托分校)-北门 约175米",113.05672,28.168896000000004,0.0,0.0
224,,2017-04-24 20:22:37,0.0,0.0,"ACC开,3D定位,天线正常","湖南省长沙市雨花区G4(京港澳高速),距家庭招待所 约178米,距湘麓驾校(黎托分校)-北门 约175米",113.05672,28.168896000000004,0.0,0.0
225,,2017-04-24 20:25:53,0.0,0.0,"ACC开,3D定位,天线正常","湖南省长沙市雨花区G4(京港澳高速),距家庭招待所 约178米,距湘麓驾校(黎托分校)-北门 约175米",113.05672,28.168896000000004,0.0,0.0
226,,2017-04-24 20:29:09,0.0,0.0,"ACC开,3D定位,天线正常","湖南省长沙市雨花区G4(京港澳高速),距家庭招待所 约178米,距湘麓驾校(黎托分校)-北门 约175米",113.05672,28.168896000000004,0.0,0.0
227,,2017-04-24 20:32:24,0.0,0.0,"ACC开,3D定位,天线正常","湖南省长沙市雨花区G4(京港澳高速),距家庭招待所 约178米,距湘麓驾校(黎托分校)-北门 约175米",113.05672,28.168896000000004,0.0,0.0
228,,2017-04-24 20:35:41,0.0,0.0,"ACC开,3D定位,天线正常","湖南省长沙市雨花区G4(京港澳高速),距家庭招待所 约178米,距湘麓驾校(黎托分校)-北门 约175米",113.05672,28.168896000000004,0.0,0.0
229,,2017-04-24 20:38:58,0.0,0.0,"ACC开,3D定位,天线正常","湖南省长沙市雨花区G4(京港澳高速),距家庭招待所 约178米,距湘麓驾校(黎托分校)-北门 约175米",113.05672,28.168896000000004,0.0,0.0
230,,2017-04-24 20:42:14,0.0,0.0,"ACC开,3D定位,天线正常","湖南省长沙市雨花区G4(京港澳高速),距家庭招待所 约178米,距湘麓驾校(黎托分校)-北门 约175米",113.05672,28.168896000000004,0.0,0.0
231,,2017-04-24 20:45:30,0.0,0.0,"ACC开,3D定位,天线正常","湖南省长沙市雨花区G4(京港澳高速),距家庭招待所 约178米,距湘麓驾校(黎托分校)-北门 约175米",113.05672,28.168896000000004,0.0,0.0
232,,2017-04-24 20:48:45,0.0,0.0,"ACC开,3D定位,天线正常","湖南省长沙市雨花区G4(京港澳高速),距家庭招待所 约178米,距湘麓驾校(黎托分校)-北门 约175米",113.05672,28.168896000000004,0.0,0.0
233,,2017-04-24 20:52:02,0.0,0.0,"ACC开,3D定位,天线正常","湖南省长沙市雨花区G4(京港澳高速),距家庭招待所 约178米,距湘麓驾校(黎托分校)-北门 约175米",113.05672,28.168896000000004,0.0,0.0
234,,2017-04-24 20:55:19,0.0,0.0,"ACC开,3D定位,天线正常","湖南省长沙市雨花区G4(京港澳高速),距家庭招待所 约178米,距湘麓驾校(黎托分校)-北门 约175米",113.05672,28.168896000000004,0.0,0.0
235,,2017-04-24 20:58:35,0.0,0.0,"ACC开,3D定位,天线正常","湖南省长沙市雨花区G4(京港澳高速),距家庭招待所 约178米,距湘麓驾校(黎托分校)-北门 约175米",113.05672,28.168896000000004,0.0,0.0
236,,2017-04-24 21:01:51,0.0,0.0,"ACC开,3D定位,天线正常","湖南省长沙市雨花区G4(京港澳高速),距家庭招待所 约178米,距湘麓驾校(黎托分校)-北门 约175米",113.05672,28.168896000000004,0.0,0.0
237,,2017-04-24 21:05:07,0.0,0.0,"ACC开,3D定位,天线正常","湖南省长沙市雨花区G4(京港澳高速),距家庭招待所 约178米,距湘麓驾校(黎托分校)-北门 约175米",113.05672,28.168896000000004,0.0,0.0
238,,2017-04-24 21:08:23,0.0,0.0,"ACC开,3D定位,天线正常","湖南省长沙市雨花区G4(京港澳高速),距家庭招待所 约178米,距湘麓驾校(黎托分校)-北门 约175米",113.05672,28.168896000000004,0.0,0.0
239,,2017-04-24 21:11:40,0.0,0.0,"ACC开,3D定位,天线正常","湖南省长沙市雨花区G4(京港澳高速),距家庭招待所 约178米,距湘麓驾校(黎托分校)-北门 约175米",113.05672,28.168896000000004,0.0,0.0
240,,2017-04-24 21:14:56,0.0,0.0,"ACC开,3D定位,天线正常","湖南省长沙市雨花区G4(京港澳高速),距家庭招待所 约178米,距湘麓驾校(黎托分校)-北门 约175米",113.05672,28.168896000000004,0.0,0.0
241,,2017-04-24 21:18:12,0.0,0.0,"ACC开,3D定位,天线正常","湖南省长沙市雨花区G4(京港澳高速),距家庭招待所 约178米,距湘麓驾校(黎托分校)-北门 约175米",113.05672,28.168896000000004,0.0,0.0
242,,2017-04-24 21:21:28,0.0,0.0,"ACC开,3D定位,天线正常","湖南省长沙市雨花区G4(京港澳高速),距家庭招待所 约178米,距湘麓驾校(黎托分校)-北门 约175米",113.05672,28.168896000000004,0.0,0.0
243,,2017-04-24 21:22:13,0.0,0.0,"ACC开,3D定位,天线正常","湖南省长沙市雨花区G4(京港澳高速),距家庭招待所 约178米,距湘麓驾校(黎托分校)-北门 约175米",113.05672,28.168896000000004,0.0,0.0
244,,2017-04-24 21:25:28,0.0,0.0,"ACC开,3D定位,天线正常","湖南省长沙市雨花区G4(京港澳高速),距家庭招待所 约178米,距湘麓驾校(黎托分校)-北门 约175米",113.05672,28.168896000000004,0.0,0.0
245,,2017-04-24 21:28:45,0.0,0.0,"ACC开,3D定位,天线正常","湖南省长沙市雨花区G4(京港澳高速),距家庭招待所 约178米,距湘麓驾校(黎托分校)-北门 约175米",113.05672,28.168896000000004,0.0,0.0
246,,2017-04-24 21:32:01,0.0,0.0,"ACC开,3D定位,天线正常","湖南省长沙市雨花区G4(京港澳高速),距家庭招待所 约178米,距湘麓驾校(黎托分校)-北门 约175米",113.05672,28.168896000000004,0.0,0.0
247,,2017-04-24 21:35:17,0.0,0.0,"ACC开,3D定位,天线正常","湖南省长沙市雨花区G4(京港澳高速),距家庭招待所 约178米,距湘麓驾校(黎托分校)-北门 约175米",113.05672,28.168896000000004,0.0,0.0
248,,2017-04-24 21:38:33,0.0,0.0,"ACC开,3D定位,天线正常","湖南省长沙市雨花区G4(京港澳高速),距家庭招待所 约178米,距湘麓驾校(黎托分校)-北门 约175米",113.05672,28.168896000000004,0.0,0.0
249,,2017-04-24 21:41:48,0.0,0.0,"ACC开,3D定位,天线正常","湖南省长沙市雨花区G4(京港澳高速),距家庭招待所 约178米,距湘麓驾校(黎托分校)-北门 约175米",113.05672,28.168896000000004,0.0,0.0
250,,2017-04-24 21:45:06,0.0,0.0,"ACC开,3D定位,天线正常","湖南省长沙市雨花区G4(京港澳高速),距家庭招待所 约178米,距湘麓驾校(黎托分校)-北门 约175米",113.05672,28.168896000000004,0.0,0.0
251,,2017-04-24 21:48:22,0.0,0.0,"ACC开,3D定位,天线正常","湖南省长沙市雨花区G4(京港澳高速),距家庭招待所 约178米,距湘麓驾校(黎托分校)-北门 约175米",113.05672,28.168896000000004,0.0,0.0
252,,2017-04-24 21:51:38,0.0,0.0,"ACC开,3D定位,天线正常","湖南省长沙市雨花区G4(京港澳高速),距家庭招待所 约178米,距湘麓驾校(黎托分校)-北门 约175米",113.05672,28.168896000000004,0.0,0.0
253,,2017-04-24 21:54:54,0.0,0.0,"ACC开,3D定位,天线正常","湖南省长沙市雨花区G4(京港澳高速),距家庭招待所 约178米,距湘麓驾校(黎托分校)-北门 约175米",113.05672,28.168896000000004,0.0,0.0
254,,2017-04-24 21:58:09,0.0,0.0,"ACC开,3D定位,天线正常","湖南省长沙市雨花区G4(京港澳高速),距家庭招待所 约178米,距湘麓驾校(黎托分校)-北门 约175米",113.05672,28.168896000000004,0.0,0.0
255,,2017-04-24 22:01:26,0.0,0.0,"ACC开,3D定位,天线正常","湖南省长沙市雨花区G4(京港澳高速),距家庭招待所 约178米,距湘麓驾校(黎托分校)-北门 约175米",113.05672,28.168896000000004,0.0,0.0
256,,2017-04-24 22:04:43,0.0,0.0,"ACC开,3D定位,天线正常","湖南省长沙市雨花区G4(京港澳高速),距家庭招待所 约178米,距湘麓驾校(黎托分校)-北门 约175米",113.05672,28.168896000000004,0.0,0.0
257,,2017-04-24 22:07:59,0.0,0.0,"ACC开,3D定位,天线正常","湖南省长沙市雨花区G4(京港澳高速),距家庭招待所 约178米,距湘麓驾校(黎托分校)-北门 约175米",113.05672,28.168896000000004,0.0,0.0
258,,2017-04-24 22:11:15,0.0,0.0,"ACC开,3D定位,天线正常","湖南省长沙市雨花区G4(京港澳高速),距家庭招待所 约178米,距湘麓驾校(黎托分校)-北门 约175米",113.05672,28.168896000000004,0.0,0.0
259,,2017-04-24 22:14:30,0.0,0.0,"ACC开,3D定位,天线正常","湖南省长沙市雨花区G4(京港澳高速),距家庭招待所 约178米,距湘麓驾校(黎托分校)-北门 约175米",113.05672,28.168896000000004,0.0,0.0
260,,2017-04-24 22:17:47,0.0,0.0,"ACC开,3D定位,天线正常","湖南省长沙市雨花区G4(京港澳高速),距家庭招待所 约178米,距湘麓驾校(黎托分校)-北门 约175米",113.05672,28.168896000000004,0.0,0.0
261,,2017-04-24 22:21:04,0.0,0.0,"ACC开,3D定位,天线正常","湖南省长沙市雨花区G4(京港澳高速),距家庭招待所 约178米,距湘麓驾校(黎托分校)-北门 约175米",113.05672,28.168896000000004,0.0,0.0
262,,2017-04-24 22:24:20,0.0,0.0,"ACC开,3D定位,天线正常","湖南省长沙市雨花区G4(京港澳高速),距家庭招待所 约178米,距湘麓驾校(黎托分校)-北门 约175米",113.05672,28.168896000000004,0.0,0.0
263,,2017-04-24 22:27:36,0.0,0.0,"ACC开,3D定位,天线正常","湖南省长沙市雨花区G4(京港澳高速),距家庭招待所 约178米,距湘麓驾校(黎托分校)-北门 约175米",113.05672,28.168896000000004,0.0,0.0
264,,2017-04-24 22:30:52,0.0,0.0,"ACC开,3D定位,天线正常","湖南省长沙市雨花区G4(京港澳高速),距家庭招待所 约178米,距湘麓驾校(黎托分校)-北门 约175米",113.05672,28.168896000000004,0.0,0.0
265,,2017-04-24 22:34:08,0.0,0.0,"ACC开,3D定位,天线正常","湖南省长沙市雨花区G4(京港澳高速),距家庭招待所 约178米,距湘麓驾校(黎托分校)-北门 约175米",113.05672,28.168896000000004,0.0,0.0
266,,2017-04-24 22:37:25,0.0,0.0,"ACC开,3D定位,天线正常","湖南省长沙市雨花区G4(京港澳高速),距家庭招待所 约178米,距湘麓驾校(黎托分校)-北门 约175米",113.05672,28.168896000000004,0.0,0.0
267,,2017-04-24 22:40:41,0.0,0.0,"ACC开,3D定位,天线正常","湖南省长沙市雨花区G4(京港澳高速),距家庭招待所 约178米,距湘麓驾校(黎托分校)-北门 约175米",113.05672,28.168896000000004,0.0,0.0
268,,2017-04-24 22:43:57,0.0,0.0,"ACC开,3D定位,天线正常","湖南省长沙市雨花区G4(京港澳高速),距家庭招待所 约178米,距湘麓驾校(黎托分校)-北门 约175米",113.05672,28.168896000000004,0.0,0.0
269,,2017-04-24 22:47:13,0.0,0.0,"ACC开,3D定位,天线正常","湖南省长沙市雨花区G4(京港澳高速),距家庭招待所 约178米,距湘麓驾校(黎托分校)-北门 约175米",113.05672,28.168896000000004,0.0,0.0
270,,2017-04-24 22:50:28,0.0,0.0,"ACC开,3D定位,天线正常","湖南省长沙市雨花区G4(京港澳高速),距家庭招待所 约178米,距湘麓驾校(黎托分校)-北门 约175米",113.05672,28.168896000000004,0.0,0.0
271,,2017-04-24 22:53:45,0.0,0.0,"ACC开,3D定位,天线正常","湖南省长沙市雨花区G4(京港澳高速),距家庭招待所 约178米,距湘麓驾校(黎托分校)-北门 约175米",113.05672,28.168896000000004,0.0,0.0
272,,2017-04-24 22:57:02,0.0,0.0,"ACC开,3D定位,天线正常","湖南省长沙市雨花区G4(京港澳高速),距家庭招待所 约178米,距湘麓驾校(黎托分校)-北门 约175米",113.05672,28.168896000000004,0.0,0.0
273,,2017-04-24 23:00:18,0.0,0.0,"ACC开,3D定位,天线正常","湖南省长沙市雨花区G4(京港澳高速),距家庭招待所 约178米,距湘麓驾校(黎托分校)-北门 约175米",113.05672,28.168896000000004,0.0,0.0
274,,2017-04-24 23:03:34,0.0,0.0,"ACC开,3D定位,天线正常","湖南省长沙市雨花区G4(京港澳高速),距家庭招待所 约178米,距湘麓驾校(黎托分校)-北门 约175米",113.05672,28.168896000000004,0.0,0.0
275,,2017-04-24 23:06:49,0.0,0.0,"ACC开,3D定位,天线正常","湖南省长沙市雨花区G4(京港澳高速),距家庭招待所 约178米,距湘麓驾校(黎托分校)-北门 约175米",113.05672,28.168896000000004,0.0,0.0
276,,2017-04-24 23:10:06,0.0,0.0,"ACC开,3D定位,天线正常","湖南省长沙市雨花区G4(京港澳高速),距家庭招待所 约178米,距湘麓驾校(黎托分校)-北门 约175米",113.05672,28.168896000000004,0.0,0.0
277,,2017-04-24 23:13:23,0.0,0.0,"ACC开,3D定位,天线正常","湖南省长沙市雨花区G4(京港澳高速),距家庭招待所 约178米,距湘麓驾校(黎托分校)-北门 约175米",113.05672,28.168896000000004,0.0,0.0
278,,2017-04-24 23:16:39,0.0,0.0,"ACC开,3D定位,天线正常","湖南省长沙市雨花区G4(京港澳高速),距家庭招待所 约178米,距湘麓驾校(黎托分校)-北门 约175米",113.05672,28.168896000000004,0.0,0.0
279,,2017-04-24 23:19:55,0.0,0.0,"ACC开,3D定位,天线正常","湖南省长沙市雨花区G4(京港澳高速),距家庭招待所 约178米,距湘麓驾校(黎托分校)-北门 约175米",113.05672,28.168896000000004,0.0,0.0
280,,2017-04-24 23:23:11,0.0,0.0,"ACC开,3D定位,天线正常","湖南省长沙市雨花区G4(京港澳高速),距家庭招待所 约178米,距湘麓驾校(黎托分校)-北门 约175米",113.05672,28.168896000000004,0.0,0.0
281,,2017-04-24 23:26:26,0.0,0.0,"ACC开,3D定位,天线正常","湖南省长沙市雨花区G4(京港澳高速),距家庭招待所 约178米,距湘麓驾校(黎托分校)-北门 约175米",113.05672,28.168896000000004,0.0,0.0
282,,2017-04-24 23:29:44,0.0,0.0,"ACC开,3D定位,天线正常","湖南省长沙市雨花区G4(京港澳高速),距家庭招待所 约178米,距湘麓驾校(黎托分校)-北门 约175米",113.05672,28.168896000000004,0.0,0.0
283,,2017-04-24 23:33:00,0.0,0.0,"ACC开,3D定位,天线正常","湖南省长沙市雨花区G4(京港澳高速),距家庭招待所 约178米,距湘麓驾校(黎托分校)-北门 约175米",113.05672,28.168896000000004,0.0,0.0
284,,2017-04-24 23:36:16,0.0,0.0,"ACC开,3D定位,天线正常","湖南省长沙市雨花区G4(京港澳高速),距家庭招待所 约178米,距湘麓驾校(黎托分校)-北门 约175米",113.05672,28.168896000000004,0.0,0.0
285,,2017-04-24 23:39:32,0.0,0.0,"ACC开,3D定位,天线正常","湖南省长沙市雨花区G4(京港澳高速),距家庭招待所 约178米,距湘麓驾校(黎托分校)-北门 约175米",113.05672,28.168896000000004,0.0,0.0
286,,2017-04-24 23:42:47,0.0,0.0,"ACC开,3D定位,天线正常","湖南省长沙市雨花区G4(京港澳高速),距家庭招待所 约178米,距湘麓驾校(黎托分校)-北门 约175米",113.05672,28.168896000000004,0.0,0.0
287,,2017-04-24 23:46:05,0.0,0.0,"ACC开,3D定位,天线正常","湖南省长沙市雨花区G4(京港澳高速),距家庭招待所 约178米,距湘麓驾校(黎托分校)-北门 约175米",113.05672,28.168896000000004,0.0,0.0
288,,2017-04-24 23:49:21,0.0,0.0,"ACC开,3D定位,天线正常","湖南省长沙市雨花区G4(京港澳高速),距家庭招待所 约178米,距湘麓驾校(黎托分校)-北门 约175米",113.05672,28.168896000000004,0.0,0.0
289,,2017-04-24 23:52:37,0.0,0.0,"ACC开,3D定位,天线正常","湖南省长沙市雨花区G4(京港澳高速),距家庭招待所 约178米,距湘麓驾校(黎托分校)-北门 约175米",113.05672,28.168896000000004,0.0,0.0
290,,2017-04-24 23:55:53,0.0,0.0,"ACC开,3D定位,天线正常","湖南省长沙市雨花区G4(京港澳高速),距家庭招待所 约178米,距湘麓驾校(黎托分校)-北门 约175米",113.05672,28.168896000000004,0.0,0.0
291,,2017-04-24 23:59:09,0.0,0.0,"ACC开,3D定位,天线正常","湖南省长沙市雨花区G4(京港澳高速),距家庭招待所 约178米,距湘麓驾校(黎托分校)-北门 约175米",113.05672,28.168896000000004,0.0,0.0
